,date,open,high,low,adjClose,value,volume,count,yesterday,close
1018,2017-02-05,2420.0,2420.0,2275.0,2401.0,816285739441,340000000,29515,1000.0,2275.0
1017,2017-02-06,2370.0,2420.0,2302.0,2380.0,253744687533,106622418,14248,2401.0,2379.0
1016,2017-02-07,2379.0,2390.0,2318.0,2355.0,63111160419,26797759,6625,2380.0,2321.0
1015,2017-02-08,2355.0,2355.0,2249.0,2282.0,71859896719,31489438,5853,2355.0,2252.0
1014,2017-02-11,2240.0,2255.0,2198.0,2209.0,52615235904,23820268,4469,2282.0,2201.0
1013,2017-02-12,2200.0,2218.0,2153.0,2198.0,30058882774,13676734,2713,2209.0,2200.0
1012,2017-02-13,2195.0,2299.0,2195.0,2266.0,22514272035,9934939,1724,2198.0,2260.0
1011,2017-02-14,2270.0,2273.0,2204.0,2240.0,10089771428,4506511,991,2266.0,2250.0
1010,2017-02-15,2260.0,2270.0,2200.0,2221.0,14294596834,6435749,1291,2240.0,2220.0
1009,2017-02-18,2235.0,2235.0,2165.0,2200.0,14330958405,6513127,1428,2221.0,2172.0
1008,2017-02-19,2176.0,2213.0,2152.0,2185.0,17771401695,8131985,1606,2200.0,2159.0
1007,2017-02-20,2159.0,2159.0,2090.0,2107.0,25523597015,12112460,2451,2185.0,2093.0
1006,2017-02-21,2093.0,2093.0,2031.0,2048.0,18752827489,9155255,2053,2107.0,2040.0
1005,2017-02-22,2049.0,2125.0,2049.0,2096.0,14668213670,6999620,1570,2048.0,2088.0
1004,2017-02-25,2113.0,2113.0,2038.0,2048.0,6840419078,3339893,819,2096.0,2039.0
1003,2017-02-26,2028.0,2047.0,2001.0,2008.0,11027198373,5492510,1265,2048.0,2005.0
1002,2017-02-27,2000.0,2000.0,1930.0,1948.0,13695019880,7029749,1587,2008.0,1934.0
1001,2017-02-28,1910.0,2010.0,1900.0,1970.0,18406826816,9342122,1799,1948.0,1966.0
1000,2017-03-01,1989.0,2021.0,1936.0,1962.0,4484494922,2285697,461,1970.0,1944.0
999,2017-03-04,1912.0,1930.0,1901.0,1912.0,5132078647,2684432,670,1962.0,1903.0
998,2017-03-05,1900.0,1940.0,1871.0,1911.0,18692758845,9782749,1023,1912.0,1917.0
997,2017-03-06,1920.0,1960.0,1902.0,1944.0,11116874664,5719223,495,1911.0,1928.0
996,2017-03-07,1943.0,1979.0,1921.0,1963.0,6827898616,3478090,380,1944.0,1950.0
995,2017-03-08,1960.0,1973.0,1910.0,1953.0,9996352395,5117977,519,1963.0,1911.0
994,2017-03-11,1901.0,1960.0,1894.0,1940.0,14184723110,7313233,673,1953.0,1914.0
993,2017-03-12,1930.0,1954.0,1901.0,1933.0,8539196931,4417356,522,1940.0,1904.0
992,2017-03-13,1906.0,1942.0,1903.0,1926.0,6942693683,3605423,432,1933.0,1910.0
991,2017-03-14,1904.0,1939.0,1904.0,1928.0,15767817811,8176315,519,1926.0,1911.0
990,2017-03-15,1916.0,1949.0,1910.0,1930.0,19063861847,9877426,624,1928.0,1947.0
989,2017-03-18,1942.0,1970.0,1930.0,1934.0,11832615014,6116843,363,1930.0,1945.0
988,2017-03-25,1943.0,1955.0,1930.0,1947.0,3283269417,1686489,244,1934.0,1950.0
987,2017-03-26,1968.0,1970.0,1946.0,1960.0,2489819582,1269941,300,1947.0,1950.0
986,2017-03-27,1960.0,1965.0,1932.0,1942.0,2799157416,1441126,257,1960.0,1939.0
985,2017-03-28,1931.0,1950.0,1921.0,1926.0,3526284293,1830645,400,1942.0,1921.0
984,2017-03-29,1921.0,1924.0,1910.0,1916.0,4161310528,2172135,450,1926.0,1915.0
983,2017-04-03,1912.0,1920.0,1903.0,1913.0,2920376878,1526959,346,1916.0,1915.0
982,2017-04-04,1908.0,1919.0,1895.0,1902.0,6659931122,3501980,608,1913.0,1898.0
981,2017-04-05,1902.0,1940.0,1882.0,1914.0,5890115681,3076849,669,1902.0,1915.0
980,2017-04-08,1912.0,1937.0,1888.0,1906.0,7751692263,4067255,825,1914.0,1916.0
979,2017-04-09,1925.0,1925.0,1896.0,1904.0,6639424126,3487486,691,1906.0,1901.0
978,2017-04-10,1910.0,1992.0,1900.0,1953.0,14669225861,7510986,1117,1904.0,1967.0
977,2017-04-12,1970.0,1999.0,1925.0,1950.0,6072245406,3114124,643,1953.0,1930.0
976,2017-04-15,1933.0,1933.0,1902.0,1918.0,9721172381,5069182,1014,1950.0,1909.0
975,2017-04-16,1910.0,1912.0,1900.0,1902.0,9454681251,4971673,767,1918.0,1901.0
974,2017-04-17,1903.0,1906.0,1891.0,1898.0,5866197439,3091382,548,1902.0,1897.0
973,2017-04-18,1895.0,1899.0,1888.0,1890.0,4826042700,2553070,573,1898.0,1890.0
972,2017-04-19,1894.0,1920.0,1891.0,1901.0,4337508687,2281331,444,1890.0,1903.0
971,2017-04-22,1903.0,1920.0,1898.0,1902.0,8301986291,4365768,726,1901.0,1905.0
970,2017-04-23,1895.0,1900.0,1888.0,1894.0,5802747161,3064034,530,1902.0,1891.0
969,2017-04-24,1900.0,1950.0,1872.0,1912.0,9767803094,5108294,932,1894.0,1916.0
968,2017-04-26,1905.0,1943.0,1905.0,1923.0,4996417282,2597681,445,1912.0,1917.0
967,2017-04-29,1920.0,1930.0,1904.0,1918.0,4224301237,2202246,360,1923.0,1906.0
966,2017-04-30,1906.0,1907.0,1880.0,1894.0,5819087489,3071714,533,1918.0,1890.0
965,2017-05-01,1886.0,1915.0,1886.0,1895.0,3335585071,1760371,347,1894.0,1892.0
964,2017-05-02,1896.0,1915.0,1882.0,1892.0,4229631419,2235685,355,1895.0,1888.0
963,2017-05-03,1889.0,1900.0,1883.0,1887.0,4959651741,2628389,411,1892.0,1885.0
962,2017-05-06,1888.0,1888.0,1863.0,1875.0,4337988191,2314040,531,1887.0,1868.0
961,2017-05-07,1878.0,1878.0,1852.0,1860.0,2934634296,1577540,369,1875.0,1860.0
960,2017-05-08,1900.0,1900.0,1852.0,1862.0,2167058465,1163897,365,1860.0,1852.0
959,2017-05-09,1868.0,1888.0,1850.0,1853.0,2562271251,1382539,329,1862.0,1853.0
958,2017-05-10,1896.0,1896.0,1853.0,1874.0,3347226358,1786287,273,1853.0,1876.0
957,2017-05-13,1889.0,1894.0,1863.0,1875.0,2935432882,1565714,313,1874.0,1873.0
956,2017-05-14,1883.0,1886.0,1849.0,1861.0,2155813321,1160080,327,1875.0,1857.0
955,2017-05-15,1860.0,1879.0,1850.0,1861.0,1596530455,857859,276,1861.0,1852.0
954,2017-05-16,1856.0,1875.0,1850.0,1865.0,3459923116,1855375,459,1861.0,1872.0
953,2017-05-17,1874.0,1890.0,1853.0,1869.0,3066031957,1640423,352,1865.0,1889.0
952,2017-05-20,1876.0,1900.0,1870.0,1881.0,2096918291,1112973,248,1869.0,1873.0
951,2017-05-21,1870.0,1888.0,1870.0,1875.0,2312295386,1233572,193,1881.0,1879.0
950,2017-05-22,1873.0,1880.0,1870.0,1875.0,1769379791,943962,206,1875.0,1877.0
949,2017-05-23,1876.0,1908.0,1876.0,1894.0,4084957151,2156352,343,1875.0,1900.0
948,2017-05-24,1894.0,1921.0,1893.0,1908.0,4121179037,2160034,315,1894.0,1920.0
947,2017-05-27,1921.0,1958.0,1910.0,1933.0,7579790089,3920454,519,1908.0,1931.0
946,2017-05-28,1921.0,1949.0,1911.0,1929.0,4464576650,2314345,261,1933.0,1918.0
945,2017-05-29,1929.0,1940.0,1911.0,1923.0,2961286304,1539861,196,1929.0,1920.0
944,2017-05-30,1920.0,1929.0,1910.0,1919.0,3858226927,2010728,281,1923.0,1920.0
943,2017-05-31,1920.0,1955.0,1910.0,1934.0,5143483953,2659193,238,1919.0,1940.0
942,2017-06-03,1920.0,1925.0,1882.0,1911.0,2160343284,1133317,176,1934.0,1920.0
941,2017-06-06,1910.0,1921.0,1891.0,1908.0,1477786935,775116,123,1911.0,1904.0
940,2017-06-07,1900.0,1910.0,1856.0,1892.0,2938028993,1553124,277,1908.0,1870.0
939,2017-06-10,1910.0,1918.0,1900.0,1907.0,2304758438,1207056,213,1892.0,1910.0
938,2017-06-11,1900.0,1920.0,1863.0,1910.0,3884618657,2034287,342,1907.0,1918.0
937,2017-06-12,1919.0,1929.0,1890.0,1916.0,2373288841,1238628,351,1910.0,1916.0
936,2017-06-13,1919.0,1929.0,1884.0,1914.0,2081372600,1087847,217,1916.0,1919.0
935,2017-06-14,1919.0,1927.0,1891.0,1911.0,1809692536,947424,208,1914.0,1915.0
934,2017-06-17,1909.0,1920.0,1900.0,1912.0,2379152872,1244556,289,1911.0,1913.0
933,2017-06-18,1918.0,1919.0,1896.0,1908.0,2698986378,1414880,241,1912.0,1900.0
932,2017-06-19,1910.0,1916.0,1871.0,1891.0,2504051654,1324306,222,1908.0,1872.0
931,2017-06-20,1880.0,1899.0,1860.0,1879.0,1445537595,773010,156,1891.0,1870.0
930,2017-06-21,1870.0,1898.0,1864.0,1872.0,1757286728,940383,169,1879.0,1867.0
929,2017-06-24,1888.0,1898.0,1867.0,1886.0,3380518438,1792360,387,1872.0,1890.0
928,2017-06-25,1895.0,1909.0,1880.0,1895.0,3873799323,2043719,400,1886.0,1880.0
927,2017-06-28,1890.0,1899.0,1853.0,1874.0,12054079317,6432608,621,1895.0,1856.0
926,2017-07-05,1749.0,1749.0,1675.0,1728.0,3004116880,1738041,271,1662.0,1723.0
925,2017-07-08,1735.0,1745.0,1702.0,1730.0,2388557423,1381010,317,1728.0,1733.0
924,2017-07-09,1739.0,1741.0,1720.0,1731.0,2108880590,1218278,266,1730.0,1730.0
923,2017-07-10,1731.0,1741.0,1722.0,1733.0,1450854080,836645,200,1731.0,1735.0
922,2017-07-11,1723.0,1735.0,1720.0,1730.0,2095040618,1211498,176,1733.0,1729.0
921,2017-07-12,1732.0,1738.0,1706.0,1721.0,1690923543,984813,156,1730.0,1723.0
920,2017-07-15,1729.0,1733.0,1691.0,1712.0,1815442881,1062347,202,1721.0,1691.0
919,2017-07-16,1690.0,1712.0,1689.0,1695.0,2841054519,1675787,156,1712.0,1690.0
918,2017-07-17,1688.0,1700.0,1668.0,1679.0,3392113045,2020684,222,1695.0,1683.0
917,2017-07-18,1680.0,1680.0,1650.0,1656.0,3445324698,2080571,436,1679.0,1670.0
916,2017-07-19,1658.0,1735.0,1658.0,1701.0,11532055484,6779839,582,1656.0,1711.0
915,2017-07-22,1710.0,1730.0,1685.0,1703.0,2875588127,1688090,207,1701.0,1718.0
914,2017-07-23,1720.0,1724.0,1703.0,1707.0,1094532874,639744,124,1703.0,1718.0
913,2017-07-24,1722.0,1730.0,1706.0,1711.0,1653681777,965388,167,1707.0,1713.0
912,2017-07-25,1692.0,1716.0,1692.0,1709.0,1503742817,880272,175,1711.0,1714.0
911,2017-07-26,1691.0,1715.0,1675.0,1703.0,7664664979,4499831,267,1709.0,1685.0
910,2017-07-29,1698.0,1701.0,1685.0,1698.0,1911143634,1126308,174,1703.0,1700.0
909,2017-07-30,1700.0,1704.0,1689.0,1696.0,2546081768,1500891,154,1698.0,1696.0
908,2017-07-31,1712.0,1713.0,1678.0,1689.0,1687975024,1000865,150,1696.0,1699.0
907,2017-08-01,1700.0,1700.0,1680.0,1688.0,1219205765,722895,125,1689.0,1694.0
906,2017-08-02,1689.0,1698.0,1675.0,1685.0,1639325277,973836,134,1688.0,1680.0
905,2017-08-06,1690.0,1690.0,1675.0,1684.0,1298745512,771803,128,1685.0,1686.0
904,2017-08-07,1685.0,1686.0,1675.0,1683.0,1081307335,642818,123,1684.0,1684.0
903,2017-08-08,1685.0,1686.0,1676.0,1680.0,2493359083,1483785,216,1683.0,1682.0
902,2017-08-09,1673.0,1764.0,1661.0,1735.0,11523787680,6641304,788,1680.0,1748.0
901,2017-08-12,1741.0,1762.0,1721.0,1744.0,1708707207,978157,199,1735.0,1738.0
900,2017-08-13,1694.0,1760.0,1690.0,1736.0,4461818028,2569651,234,1744.0,1758.0
899,2017-08-14,1758.0,1760.0,1709.0,1734.0,3886250954,2241709,189,1736.0,1758.0
898,2017-08-15,1720.0,1773.0,1720.0,1753.0,1987508008,1131118,225,1734.0,1750.0
897,2017-08-16,1726.0,1763.0,1726.0,1755.0,1974662359,1125208,128,1753.0,1760.0
896,2017-08-19,1758.0,1760.0,1726.0,1751.0,1647647242,942223,111,1755.0,1748.0
895,2017-08-20,1748.0,1759.0,1730.0,1752.0,897466990,512097,48,1751.0,1745.0
894,2017-08-21,1756.0,1756.0,1725.0,1744.0,1330291902,765127,83,1752.0,1735.0
893,2017-08-22,1750.0,1750.0,1710.0,1741.0,577942860,333927,67,1744.0,1710.0
892,2017-08-23,1749.0,1749.0,1701.0,1738.0,451990012,262167,65,1741.0,1736.0
891,2017-08-26,1725.0,1725.0,1705.0,1732.0,493162851,288172,53,1738.0,1706.0
890,2017-08-27,1702.0,1715.0,1694.0,1702.0,2292426986,1347206,183,1732.0,1700.0
889,2017-08-28,1713.0,1713.0,1695.0,1702.0,1106396549,650204,76,1702.0,1703.0
888,2017-08-29,1697.0,1710.0,1697.0,1701.0,1346096095,791492,96,1702.0,1701.0
887,2017-08-30,1696.0,1710.0,1681.0,1699.0,714416677,421901,77,1701.0,1692.0
886,2017-09-02,1712.0,1712.0,1684.0,1698.0,714506932,421028,110,1699.0,1699.0
885,2017-09-03,1714.0,1714.0,1692.0,1698.0,1583997160,933088,260,1698.0,1697.0
884,2017-09-04,1700.0,1705.0,1691.0,1698.0,882531102,519754,87,1698.0,1700.0
883,2017-09-05,1694.0,1702.0,1694.0,1699.0,1416076665,833414,104,1698.0,1699.0
882,2017-09-06,1700.0,1702.0,1692.0,1699.0,748162830,440653,60,1699.0,1702.0
881,2017-09-10,1705.0,1705.0,1673.0,1688.0,1714690824,1018173,113,1699.0,1683.0
880,2017-09-11,1680.0,1700.0,1676.0,1689.0,537618901,318037,88,1688.0,1700.0
879,2017-09-12,1680.0,1688.0,1680.0,1685.0,1586302087,942764,327,1689.0,1683.0
878,2017-09-13,1671.0,1692.0,1667.0,1673.0,2764785976,1652704,471,1685.0,1692.0
877,2017-09-16,1700.0,1700.0,1658.0,1674.0,742734041,443290,97,1673.0,1675.0
876,2017-09-17,1670.0,1680.0,1670.0,1674.0,506050531,302107,74,1674.0,1674.0
875,2017-09-18,1674.0,1694.0,1674.0,1675.0,547759596,326114,73,1674.0,1694.0
874,2017-09-19,1680.0,1695.0,1675.0,1677.0,532112683,315759,80,1675.0,1680.0
873,2017-09-20,1687.0,1688.0,1675.0,1677.0,772403325,460306,74,1677.0,1679.0
872,2017-09-23,1678.0,1682.0,1678.0,1678.0,721710836,429676,199,1677.0,1680.0
871,2017-09-24,1699.0,1699.0,1682.0,1680.0,388182149,229828,78,1678.0,1695.0
870,2017-09-25,1690.0,1710.0,1687.0,1689.0,1057884006,622285,135,1680.0,1705.0
869,2017-09-26,1708.0,1708.0,1694.0,1693.0,752091595,441832,126,1689.0,1701.0
868,2017-09-27,1692.0,1710.0,1692.0,1697.0,1110014384,652161,123,1693.0,1700.0
867,2017-10-02,1700.0,1700.0,1674.0,1689.0,1187101444,705937,104,1697.0,1690.0
866,2017-10-03,1680.0,1696.0,1680.0,1688.0,644171738,382482,79,1689.0,1687.0
865,2017-10-04,1680.0,1701.0,1680.0,1692.0,1403998701,828689,140,1688.0,1700.0
864,2017-10-07,1678.0,1680.0,1675.0,1689.0,420983104,251112,121,1692.0,1675.0
863,2017-10-08,1673.0,1685.0,1660.0,1673.0,1720748370,1031973,156,1689.0,1675.0
862,2017-10-09,1660.0,1675.0,1652.0,1671.0,601921665,361796,119,1673.0,1673.0
861,2017-10-10,1651.0,1665.0,1648.0,1660.0,1385110627,838015,88,1671.0,1650.0
860,2017-10-11,1650.0,1660.0,1641.0,1657.0,602615045,365222,54,1660.0,1649.0
859,2017-10-14,1645.0,1670.0,1644.0,1656.0,355921003,215356,57,1657.0,1669.0
858,2017-10-15,1644.0,1668.0,1640.0,1654.0,691816527,419688,60,1656.0,1649.0
857,2017-10-16,1646.0,1668.0,1645.0,1654.0,474889952,287286,122,1654.0,1651.0
856,2017-10-17,1650.0,1653.0,1641.0,1651.0,993689038,603379,135,1654.0,1653.0
855,2017-10-18,1641.0,1641.0,1604.0,1630.0,1647588367,1014943,298,1651.0,1630.0
854,2017-10-21,1615.0,1629.0,1615.0,1629.0,402073418,247542,77,1630.0,1624.0
853,2017-10-22,1640.0,1640.0,1617.0,1627.0,515768603,318124,80,1629.0,1630.0
852,2017-10-23,1630.0,1630.0,1615.0,1624.0,823655293,508996,107,1627.0,1620.0
851,2017-10-24,1620.0,1640.0,1620.0,1625.0,642827666,395261,92,1624.0,1622.0
850,2017-10-25,1614.0,1622.0,1610.0,1621.0,1171029117,723597,111,1625.0,1620.0
849,2017-10-28,1606.0,1620.0,1588.0,1606.0,1320680385,827624,115,1621.0,1600.0
848,2017-10-29,1575.0,1650.0,1574.0,1605.0,1684847403,1049605,113,1606.0,1623.0
847,2017-10-30,1601.0,1620.0,1601.0,1607.0,322170807,199395,37,1605.0,1620.0
846,2017-10-31,1630.0,1631.0,1612.0,1610.0,622720140,384545,61,1607.0,1626.0
845,2017-11-01,1615.0,1627.0,1603.0,1611.0,300200983,185623,48,1610.0,1627.0
844,2017-11-04,1618.0,1628.0,1592.0,1611.0,1507278499,935591,108,1611.0,1610.0
843,2017-11-05,1610.0,1610.0,1591.0,1606.0,881379527,551219,99,1611.0,1595.0
842,2017-11-06,1600.0,1603.0,1590.0,1595.0,1962461446,1231034,128,1606.0,1600.0
841,2017-11-07,1591.0,1600.0,1588.0,1590.0,2174657112,1367333,96,1595.0,1597.0
840,2017-11-08,1586.0,1603.0,1586.0,1593.0,593216491,370725,62,1590.0,1601.0
839,2017-11-11,1600.0,1600.0,1583.0,1593.0,303370419,190576,35,1593.0,1592.0
838,2017-11-12,1600.0,1605.0,1581.0,1594.0,600094493,375662,73,1593.0,1600.0
837,2017-11-13,1597.0,1599.0,1580.0,1590.0,876935631,553697,66,1594.0,1582.0
836,2017-11-14,1593.0,1593.0,1580.0,1588.0,496014268,313531,55,1590.0,1582.0
835,2017-11-15,1590.0,1591.0,1582.0,1588.0,336291470,211959,39,1588.0,1590.0
834,2017-11-18,1578.0,1589.0,1578.0,1586.0,611741723,386716,70,1588.0,1588.0
833,2017-11-20,1581.0,1620.0,1580.0,1595.0,1229543591,767493,128,1586.0,1620.0
832,2017-11-21,1587.0,1620.0,1587.0,1595.0,235223695,147460,37,1595.0,1591.0
831,2017-11-22,1598.0,1619.0,1592.0,1596.0,306174365,191192,32,1595.0,1592.0
830,2017-11-25,1590.0,1598.0,1590.0,1596.0,279334402,175389,46,1596.0,1591.0
829,2017-11-26,1593.0,1600.0,1592.0,1596.0,113358488,71077,18,1596.0,1600.0
828,2017-11-28,1593.0,1619.0,1586.0,1593.0,1620645374,1017797,127,1596.0,1619.0
827,2017-11-29,1600.0,1610.0,1581.0,1592.0,404288871,254599,55,1593.0,1581.0
826,2017-12-02,1585.0,1592.0,1582.0,1592.0,191278434,120436,43,1592.0,1586.0
825,2017-12-03,1614.0,1615.0,1581.0,1591.0,369234603,232416,51,1592.0,1583.0
824,2017-12-04,1582.0,1609.0,1582.0,1591.0,332804619,209206,45,1591.0,1609.0
823,2017-12-05,1609.0,1609.0,1590.0,1592.0,438247550,274235,50,1591.0,1601.0
822,2017-12-09,1600.0,1607.0,1582.0,1592.0,332064886,208442,41,1592.0,1584.0
821,2017-12-10,1600.0,1600.0,1583.0,1592.0,283162110,178277,37,1592.0,1598.0
820,2017-12-11,1589.0,1589.0,1570.0,1586.0,1010429166,639415,56,1592.0,1578.0
819,2017-12-12,1572.0,1584.0,1565.0,1575.0,1582750244,1007470,119,1586.0,1568.0
818,2017-12-13,1558.0,1580.0,1540.0,1562.0,1756008601,1125727,123,1575.0,1580.0
817,2017-12-16,1550.0,1560.0,1485.0,1552.0,911314723,592363,76,1562.0,1550.0
816,2017-12-17,1540.0,1550.0,1520.0,1540.0,1681589555,1093695,121,1552.0,1543.0
815,2017-12-18,1520.0,1560.0,1520.0,1542.0,1135743313,735913,88,1540.0,1535.0
814,2017-12-19,1550.0,1552.0,1531.0,1542.0,374887015,243227,43,1542.0,1539.0
813,2017-12-20,1548.0,1548.0,1525.0,1539.0,996703710,648972,215,1542.0,1531.0
812,2017-12-23,1525.0,1550.0,1525.0,1537.0,922174063,601183,112,1539.0,1540.0
811,2017-12-24,1550.0,1550.0,1530.0,1537.0,2925704080,1903716,85,1537.0,1540.0
810,2017-12-25,1532.0,1546.0,1526.0,1531.0,1928273514,1259975,151,1537.0,1530.0
809,2017-12-26,1527.0,1550.0,1526.0,1533.0,780393841,507519,76,1531.0,1548.0
808,2017-12-27,1530.0,1553.0,1530.0,1535.0,775654717,504141,66,1533.0,1533.0
807,2017-12-30,1530.0,1537.0,1521.0,1533.0,481081356,315485,67,1535.0,1537.0
806,2017-12-31,1512.0,1533.0,1462.0,1510.0,1538638944,1023975,189,1533.0,1530.0
805,2018-01-01,1529.0,1529.0,1482.0,1512.0,1109918327,733310,80,1510.0,1519.0
804,2018-01-02,1520.0,1570.0,1488.0,1564.0,9038946615,5777638,209,1512.0,1559.0
803,2018-01-03,1549.0,1564.0,1496.0,1548.0,640603404,423356,74,1564.0,1534.0
802,2018-01-06,1517.0,1599.0,1517.0,1551.0,916216017,589147,106,1548.0,1599.0
801,2018-01-07,1589.0,1613.0,1533.0,1567.0,965730806,608847,117,1551.0,1613.0
800,2018-01-08,1610.0,1630.0,1555.0,1603.0,1609197187,995374,143,1567.0,1630.0
799,2018-01-09,1628.0,1645.0,1611.0,1621.0,1205233324,736791,133,1603.0,1641.0
798,2018-01-10,1621.0,1660.0,1618.0,1631.0,998417157,607319,116,1621.0,1660.0
797,2018-01-13,1660.0,1699.0,1640.0,1654.0,970025500,575304,196,1631.0,1699.0
796,2018-01-14,1700.0,1736.0,1700.0,1716.0,1888196218,1090883,188,1654.0,1736.0
795,2018-01-15,1801.0,1801.0,1754.0,1790.0,6128508804,3424532,415,1716.0,1780.0
794,2018-01-16,1780.0,1800.0,1731.0,1775.0,1630329158,921863,204,1790.0,1768.0
793,2018-01-17,1776.0,1780.0,1721.0,1760.0,2281982145,1297084,126,1775.0,1770.0
792,2018-01-20,1788.0,1788.0,1750.0,1766.0,1053479698,593867,88,1760.0,1776.0
791,2018-01-21,1753.0,1765.0,1703.0,1754.0,1423870817,815856,161,1766.0,1759.0
790,2018-01-22,1750.0,1780.0,1727.0,1753.0,1044493512,596082,99,1754.0,1775.0
789,2018-01-23,1768.0,1776.0,1728.0,1752.0,554606124,317018,52,1753.0,1768.0
788,2018-01-24,1769.0,1775.0,1691.0,1746.0,975890826,561959,88,1752.0,1765.0
787,2018-01-27,1765.0,1766.0,1672.0,1734.0,994982157,579295,69,1746.0,1732.0
786,2018-01-28,1758.0,1770.0,1717.0,1736.0,610353690,350142,53,1734.0,1745.0
785,2018-01-29,1736.0,1750.0,1702.0,1734.0,714788818,413069,80,1736.0,1740.0
784,2018-01-30,1745.0,1745.0,1700.0,1732.0,606020378,351119,58,1734.0,1735.0
783,2018-01-31,1746.0,1746.0,1682.0,1725.0,879197265,512771,67,1732.0,1722.0
782,2018-02-03,1746.0,1746.0,1707.0,1725.0,392569449,227924,41,1725.0,1727.0
781,2018-02-04,1735.0,1739.0,1711.0,1725.0,742054431,430540,77,1725.0,1722.0
780,2018-02-05,1735.0,1735.0,1701.0,1723.0,1121391085,651547,90,1725.0,1720.0
779,2018-02-06,1702.0,1707.0,1700.0,1713.0,1157010360,679250,122,1723.0,1700.0
778,2018-02-07,1670.0,1697.0,1668.0,1703.0,564059107,337304,68,1713.0,1670.0
777,2018-02-10,1680.0,1680.0,1659.0,1700.0,208456222,124882,39,1703.0,1670.0
776,2018-02-12,1670.0,1690.0,1656.0,1696.0,230190974,138701,22,1700.0,1656.0
775,2018-02-13,1704.0,1704.0,1636.0,1692.0,264335676,158931,32,1696.0,1682.0
774,2018-02-14,1641.0,1693.0,1635.0,1685.0,326517192,198917,51,1692.0,1638.0
773,2018-02-17,1697.0,1697.0,1630.0,1680.0,235632866,143921,37,1685.0,1633.0
772,2018-02-18,1625.0,1650.0,1621.0,1677.0,122110452,75141,26,1680.0,1622.0
771,2018-02-19,1621.0,1622.0,1600.0,1667.0,312135038,194376,56,1677.0,1615.0
770,2018-02-21,1602.0,1610.0,1584.0,1642.0,814176455,508731,101,1667.0,1590.0
769,2018-02-24,1571.0,1633.0,1570.0,1639.0,140493476,88162,21,1642.0,1590.0
768,2018-02-25,1588.0,1589.0,1570.0,1630.0,297270388,188545,59,1639.0,1573.0
767,2018-02-26,1590.0,1599.0,1565.0,1626.0,146487985,93170,39,1630.0,1565.0
766,2018-02-27,1615.0,1640.0,1569.0,1624.0,593936787,366637,62,1626.0,1640.0
765,2018-02-28,1640.0,1640.0,1582.0,1623.0,435613920,269234,49,1624.0,1635.0
764,2018-03-03,1655.0,1655.0,1590.0,1621.0,151171286,94600,16,1623.0,1615.0
763,2018-03-04,1627.0,1627.0,1584.0,1617.0,625759381,389299,40,1621.0,1620.0
762,2018-03-05,1583.0,1600.0,1537.0,1605.0,534914199,341277,89,1617.0,1537.0
761,2018-03-06,1585.0,1605.0,1561.0,1603.0,547924932,342876,54,1605.0,1590.0
760,2018-03-07,1615.0,1615.0,1535.0,1594.0,511156569,326139,82,1603.0,1598.0
759,2018-03-10,1605.0,1605.0,1515.0,1571.0,1046264630,676001,132,1594.0,1570.0
758,2018-03-11,1563.0,1570.0,1516.0,1568.0,398879951,256465,41,1571.0,1570.0
757,2018-03-12,1577.0,1577.0,1528.0,1567.0,136707057,88220,33,1568.0,1533.0
756,2018-03-13,1550.0,1550.0,1532.0,1566.0,127118120,82248,25,1567.0,1532.0
755,2018-03-14,1540.0,1550.0,1520.0,1557.0,645468208,420376,50,1566.0,1527.0
754,2018-03-17,1518.0,1549.0,1480.0,1545.0,705050243,463210,69,1557.0,1549.0
753,2018-03-18,1512.0,1578.0,1511.0,1545.0,137590771,88619,31,1545.0,1551.0
752,2018-03-19,1555.0,1579.0,1531.0,1546.0,107028978,68610,49,1545.0,1579.0
751,2018-03-26,1585.0,1585.0,1512.0,1526.0,193704680,126947,28,1546.0,1544.0
750,2018-03-27,1538.0,1538.0,1511.0,1526.0,33031010,21664,9,1526.0,1530.0
749,2018-03-28,1510.0,1539.0,1505.0,1526.0,190663377,125216,25,1526.0,1539.0
748,2018-04-03,1510.0,1540.0,1480.0,1525.0,242885764,160314,38,1526.0,1520.0
747,2018-04-04,1548.0,1548.0,1534.0,1525.0,3572592,2323,5,1525.0,1534.0
746,2018-04-07,1484.0,1520.0,1484.0,1524.0,97107820,64174,13,1525.0,1499.0
745,2018-04-08,1510.0,1510.0,1459.0,1518.0,237700086,160902,37,1524.0,1494.0
744,2018-04-09,1458.0,1463.0,1455.0,1515.0,115409511,79094,31,1518.0,1461.0
743,2018-04-10,1478.0,1500.0,1478.0,1512.0,183749453,123968,33,1515.0,1485.0
742,2018-04-11,1485.0,1485.0,1440.0,1507.0,155250507,106844,46,1512.0,1442.0
741,2018-04-15,1440.0,1448.0,1432.0,1487.0,521887342,364373,301,1507.0,1433.0
740,2018-04-16,1450.0,1450.0,1413.0,1482.0,189634191,132260,36,1487.0,1414.0
739,2018-04-17,1432.0,1432.0,1408.0,1474.0,239473367,169199,41,1482.0,1417.0
738,2018-04-18,1417.0,1445.0,1417.0,1472.0,96550766,67566,25,1474.0,1440.0
737,2018-04-21,1440.0,1440.0,1430.0,1471.0,67951011,47465,18,1472.0,1430.0
736,2018-04-22,1425.0,1425.0,1415.0,1469.0,82961750,58405,23,1471.0,1423.0
735,2018-04-23,1415.0,1435.0,1409.0,1465.0,143111532,101083,30,1469.0,1435.0
734,2018-04-24,1409.0,1410.0,1400.0,1458.0,232269834,165380,43,1465.0,1404.0
733,2018-04-25,1436.0,1436.0,1403.0,1456.0,82962494,58969,20,1458.0,1403.0
732,2018-04-28,1420.0,1420.0,1401.0,1451.0,194925330,138719,38,1456.0,1401.0
731,2018-04-29,1402.0,1410.0,1400.0,1444.0,251806673,179667,33,1451.0,1400.0
730,2018-04-30,1401.0,1401.0,1391.0,1441.0,130377220,93287,18,1444.0,1399.0
729,2018-05-01,1387.0,1394.0,1370.0,1436.0,152402908,110175,51,1441.0,1389.0
728,2018-05-05,1371.0,1433.0,1371.0,1422.0,482456105,349094,39,1436.0,1433.0
727,2018-05-06,1381.0,1381.0,1357.0,1420.0,84662661,61496,23,1422.0,1370.0
726,2018-05-07,1419.0,1420.0,1353.0,1416.0,147554636,107405,26,1420.0,1414.0
725,2018-05-08,1400.0,1400.0,1370.0,1415.0,54266848,39157,14,1416.0,1400.0
724,2018-05-09,1417.0,1454.0,1377.0,1417.0,770088801,542544,121,1415.0,1440.0
723,2018-05-12,1380.0,1487.0,1380.0,1438.0,851932465,581474,118,1417.0,1470.0
722,2018-05-13,1487.0,1487.0,1442.0,1440.0,161298338,110356,28,1438.0,1460.0
721,2018-05-14,1475.0,1480.0,1446.0,1443.0,392436663,269466,68,1440.0,1480.0
720,2018-05-15,1488.0,1488.0,1448.0,1444.0,310522930,213916,37,1443.0,1450.0
719,2018-05-16,1440.0,1488.0,1440.0,1445.0,108652769,74613,16,1444.0,1450.0
718,2018-05-19,1490.0,1490.0,1455.0,1468.0,153219792,104396,23,1445.0,1473.0
717,2018-05-20,1525.0,1525.0,1465.0,1472.0,631051044,425791,64,1468.0,1505.0
716,2018-05-21,1505.0,1505.0,1467.0,1475.0,345398446,231779,47,1472.0,1504.0
715,2018-05-22,1498.0,1519.0,1476.0,1479.0,401862788,269200,57,1475.0,1519.0
714,2018-05-23,1510.0,1510.0,1480.0,1481.0,285496846,190811,39,1479.0,1500.0
713,2018-05-26,1538.0,1538.0,1499.0,1490.0,730291071,484485,59,1481.0,1530.0
712,2018-05-27,1536.0,1549.0,1500.0,1512.0,1428929299,938669,92,1490.0,1520.0
711,2018-05-28,1504.0,1551.0,1451.0,1520.0,1271613934,833917,102,1512.0,1451.0
710,2018-05-29,1523.0,1523.0,1478.0,1517.0,1300796967,858504,60,1520.0,1520.0
709,2018-05-30,1519.0,1519.0,1493.0,1517.0,44772084,29770,13,1517.0,1493.0
708,2018-06-02,1520.0,1520.0,1487.0,1515.0,193623340,129526,42,1517.0,1510.0
707,2018-06-03,1518.0,1518.0,1451.0,1508.0,308667009,209662,76,1515.0,1451.0
706,2018-06-09,1461.0,1493.0,1452.0,1490.0,721017140,494142,58,1508.0,1478.0
705,2018-06-10,1492.0,1492.0,1465.0,1490.0,7503600,5100,4,1490.0,1465.0
704,2018-06-11,1466.0,1490.0,1455.0,1486.0,339364525,231835,32,1490.0,1456.0
703,2018-06-12,1454.0,1467.0,1453.0,1485.0,100914238,69174,32,1486.0,1461.0
702,2018-06-13,1469.0,1496.0,1443.0,1463.0,1911103540,1306851,196,1485.0,1455.0
701,2018-06-17,1469.0,1490.0,1455.0,1468.0,933978912,633540,103,1463.0,1481.0
700,2018-06-18,1500.0,1500.0,1471.0,1471.0,343380136,231117,59,1468.0,1489.0
699,2018-06-19,1492.0,1492.0,1475.0,1473.0,579141443,391402,60,1471.0,1480.0
698,2018-06-20,1500.0,1535.0,1460.0,1493.0,1612499516,1076440,129,1473.0,1490.0
697,2018-06-25,1518.0,1518.0,1443.0,1448.0,2974379652,2053880,177,1493.0,1459.0
696,2018-06-26,1483.0,1490.0,1430.0,1490.0,51632895790,34662553,672,1448.0,1451.0
695,2018-06-27,1496.0,1560.0,1450.0,1558.0,58203759165,37358420,862,1490.0,1558.0
694,2018-06-30,1563.0,1635.0,1559.0,1634.0,62481447401,38240269,1045,1558.0,1623.0
693,2018-07-04,1530.0,1530.0,1454.0,1499.0,692909479,462304,104,1524.0,1468.0
692,2018-07-07,1461.0,1522.0,1460.0,1495.0,264393389,179773,35,1499.0,1462.0
691,2018-07-08,1455.0,1455.0,1421.0,1482.0,378104673,264779,83,1495.0,1437.0
690,2018-07-10,1411.0,1411.0,1408.0,1467.0,399563531,283684,74,1482.0,1408.0
689,2018-07-11,1427.0,1427.0,1394.0,1444.0,592421804,424933,79,1467.0,1394.0
688,2018-07-14,1374.0,1449.0,1374.0,1440.0,139242970,100000,29,1444.0,1439.0
687,2018-07-15,1449.0,1449.0,1380.0,1428.0,439167686,316159,60,1440.0,1380.0
686,2018-07-16,1400.0,1400.0,1376.0,1426.0,105642566,76287,48,1428.0,1376.0
685,2018-07-17,1381.0,1391.0,1381.0,1425.0,59908552,43264,17,1426.0,1384.0
684,2018-07-18,1385.0,1385.0,1354.0,1384.0,1142652209,841007,126,1425.0,1354.0
683,2018-07-21,1360.0,1388.0,1337.0,1383.0,63601530,46717,20,1384.0,1383.0
682,2018-07-22,1367.0,1367.0,1315.0,1371.0,401633510,301802,77,1383.0,1330.0
681,2018-07-23,1319.0,1350.0,1303.0,1356.0,439390448,335707,101,1371.0,1303.0
680,2018-07-24,1320.0,1335.0,1291.0,1351.0,167725061,128676,40,1356.0,1300.0
679,2018-07-25,1300.0,1350.0,1285.0,1346.0,264055594,200520,58,1351.0,1350.0
678,2018-07-28,1312.0,1313.0,1301.0,1342.0,197627659,150880,34,1346.0,1310.0
677,2018-07-29,1303.0,1303.0,1275.0,1321.0,643009329,499987,116,1342.0,1275.0
676,2018-07-30,1280.0,1280.0,1261.0,1313.0,261960646,206441,53,1321.0,1263.0
675,2018-07-31,1260.0,1350.0,1260.0,1314.0,303220323,230304,92,1313.0,1332.0
674,2018-08-01,1323.0,1335.0,1280.0,1314.0,312433196,237406,50,1314.0,1280.0
673,2018-08-04,1300.0,1333.0,1282.0,1314.0,59453591,45756,27,1314.0,1285.0
672,2018-08-05,1330.0,1330.0,1265.0,1307.0,368401175,287921,66,1314.0,1272.0
671,2018-08-06,1266.0,1266.0,1245.0,1266.0,1298711887,1036098,114,1307.0,1260.0
670,2018-08-07,1251.0,1286.0,1250.0,1264.0,644409150,511052,57,1266.0,1276.0
669,2018-08-08,1295.0,1295.0,1201.0,1215.0,2254290493,1855896,231,1264.0,1215.0
668,2018-08-11,1213.0,1240.0,1211.0,1217.0,229912500,187331,42,1215.0,1225.0
667,2018-08-12,1250.0,1250.0,1219.0,1220.0,441701289,360006,46,1217.0,1236.0
666,2018-08-13,1241.0,1241.0,1159.0,1168.0,4224737158,3615769,491,1220.0,1182.0
665,2018-08-14,1197.0,1197.0,1180.0,1180.0,1013058636,853056,91,1168.0,1184.0
664,2018-08-15,1200.0,1200.0,1180.0,1181.0,224725157,188992,35,1180.0,1193.0
663,2018-08-18,1181.0,1225.0,1180.0,1190.0,548851734,454252,80,1181.0,1215.0
662,2018-08-19,1235.0,1249.0,1210.0,1240.0,2433358579,1962820,243,1190.0,1249.0
661,2018-08-20,1275.0,1302.0,1244.0,1287.0,1550744346,1198630,165,1240.0,1302.0
660,2018-08-21,1315.0,1331.0,1292.0,1307.0,1470572898,1121455,163,1287.0,1300.0
659,2018-08-25,1330.0,1340.0,1276.0,1306.0,898256426,687837,135,1307.0,1305.0
658,2018-08-26,1301.0,1340.0,1300.0,1314.0,2146236680,1633899,200,1306.0,1320.0
657,2018-08-27,1333.0,1360.0,1321.0,1340.0,1840726978,1373954,187,1314.0,1340.0
656,2018-08-28,1360.0,1360.0,1326.0,1336.0,1112659743,834880,91,1340.0,1331.0
655,2018-08-29,1308.0,1369.0,1308.0,1348.0,1047037442,771990,142,1336.0,1355.0
654,2018-09-01,1370.0,1415.0,1370.0,1397.0,1554051640,1102952,159,1348.0,1415.0
653,2018-09-02,1466.0,1466.0,1420.0,1457.0,4488756873,3080331,288,1397.0,1458.0
652,2018-09-03,1464.0,1464.0,1403.0,1442.0,854922777,600401,121,1457.0,1418.0
651,2018-09-04,1403.0,1420.0,1370.0,1394.0,2388586167,1712917,229,1442.0,1385.0
650,2018-09-05,1390.0,1448.0,1380.0,1407.0,769519921,539302,88,1394.0,1438.0
649,2018-09-08,1455.0,1477.0,1431.0,1472.0,2632874322,1788310,193,1407.0,1477.0
648,2018-09-09,1500.0,1512.0,1462.0,1491.0,2056078607,1379392,158,1472.0,1510.0
647,2018-09-10,1529.0,1529.0,1488.0,1507.0,1471313262,972061,143,1491.0,1500.0
646,2018-09-11,1528.0,1528.0,1480.0,1502.0,1829802850,1218299,158,1507.0,1480.0
645,2018-09-12,1470.0,1577.0,1470.0,1560.0,11739283478,7524126,401,1502.0,1577.0
644,2018-09-15,1620.0,1620.0,1551.0,1596.0,6062294893,3799047,285,1560.0,1577.0
643,2018-09-16,1606.0,1606.0,1541.0,1557.0,2858585870,1835431,165,1596.0,1555.0
642,2018-09-17,1565.0,1599.0,1525.0,1579.0,3618662703,2291239,166,1557.0,1582.0
641,2018-09-18,1657.0,1657.0,1608.0,1657.0,24818947008,14979668,471,1579.0,1657.0
640,2018-09-22,1734.0,1739.0,1720.0,1737.0,5395512506,3105884,191,1657.0,1739.0
639,2018-09-23,1823.0,1823.0,1795.0,1820.0,14740519107,8098413,492,1737.0,1823.0
638,2018-09-24,1894.0,1911.0,1860.0,1902.0,10794128940,5675749,349,1820.0,1911.0
637,2018-09-25,1997.0,2096.0,1960.0,2047.0,10241334394,5002260,508,1902.0,2030.0
636,2018-09-26,2100.0,2125.0,2090.0,2096.0,2368297326,1124474,162,2047.0,2111.0
635,2018-09-30,2200.0,2310.0,2200.0,2306.0,42736017387,18534840,885,2096.0,2310.0
634,2018-10-01,2417.0,2417.0,2191.0,2254.0,18893807339,8382966,793,2306.0,2299.0
633,2018-10-02,2180.0,2190.0,2142.0,2155.0,3348665164,1553720,117,2254.0,2142.0
632,2018-10-03,2048.0,2048.0,2048.0,2119.0,946964480,462385,39,2155.0,2048.0
631,2018-10-06,2014.0,2118.0,2014.0,2019.0,14412227722,7139559,505,2119.0,2014.0
630,2018-10-07,1919.0,1919.0,1919.0,1997.0,575531128,299912,41,2019.0,1919.0
629,2018-10-08,1898.0,1898.0,1898.0,1992.0,140854376,74212,9,1997.0,1898.0
628,2018-10-09,1893.0,1960.0,1893.0,1896.0,9550376447,5037396,399,1992.0,1893.0
627,2018-10-10,1802.0,1802.0,1802.0,1802.0,5633248418,3126109,175,1896.0,1802.0
626,2018-10-13,1712.0,1713.0,1712.0,1760.0,1082065064,632047,55,1802.0,1712.0
625,2018-10-14,1672.0,1672.0,1672.0,1746.0,371685600,222300,21,1760.0,1672.0
624,2018-10-15,1790.0,1831.0,1731.0,1795.0,3515523413,1958023,207,1746.0,1830.0
623,2018-10-16,1833.0,1880.0,1800.0,1852.0,3044980730,1644135,183,1795.0,1827.0
622,2018-10-17,1763.0,1826.0,1760.0,1763.0,3641367668,2065598,187,1852.0,1809.0
621,2018-10-20,1800.0,1845.0,1747.0,1795.0,2988631666,1664607,239,1763.0,1799.0
620,2018-10-21,1781.0,1799.0,1710.0,1740.0,2007982287,1160027,193,1795.0,1731.0
619,2018-10-22,1791.0,1791.0,1680.0,1733.0,1200987642,695884,103,1740.0,1720.0
618,2018-10-23,1700.0,1700.0,1647.0,1648.0,2481334534,1505349,93,1733.0,1647.0
617,2018-10-24,1571.0,1600.0,1566.0,1608.0,1109175520,705932,112,1648.0,1566.0
616,2018-10-27,1533.0,1599.0,1528.0,1576.0,1100755015,711467,108,1608.0,1528.0
615,2018-10-28,1550.0,1600.0,1505.0,1556.0,1571494014,1014064,123,1576.0,1550.0
614,2018-10-29,1552.0,1612.0,1532.0,1578.0,1317697810,827429,103,1556.0,1532.0
613,2018-10-31,1608.0,1608.0,1539.0,1572.0,590249171,379441,82,1578.0,1553.0
612,2018-11-03,1521.0,1553.0,1494.0,1539.0,1139787564,753238,127,1572.0,1494.0
611,2018-11-04,1488.0,1520.0,1484.0,1531.0,426876975,284819,77,1539.0,1495.0
610,2018-11-05,1519.0,1558.0,1500.0,1543.0,2974063989,1927070,165,1531.0,1522.0
609,2018-11-06,1500.0,1619.0,1466.0,1511.0,3688879755,2441173,324,1543.0,1523.0
608,2018-11-12,1615.0,1650.0,1589.0,1627.0,2039092066,1253447,214,1511.0,1649.0
607,2018-11-13,1690.0,1690.0,1552.0,1636.0,3808891743,2328280,290,1627.0,1652.0
606,2018-11-14,1600.0,1647.0,1584.0,1623.0,873196761,544281,114,1636.0,1614.0
605,2018-11-17,1601.0,1601.0,1542.0,1547.0,2649060907,1712212,139,1623.0,1542.0
604,2018-11-20,1552.0,1589.0,1552.0,1562.0,829274405,531015,84,1547.0,1562.0
603,2018-11-21,1522.0,1598.0,1522.0,1557.0,615140218,398509,95,1562.0,1539.0
602,2018-11-24,1580.0,1580.0,1480.0,1535.0,900283563,597732,136,1557.0,1480.0
601,2018-11-26,1549.0,1549.0,1459.0,1513.0,732627387,496839,124,1535.0,1459.0
600,2018-11-27,1499.0,1500.0,1440.0,1490.0,913049818,624521,140,1513.0,1451.0
599,2018-11-28,1557.0,1557.0,1462.0,1499.0,883655354,584666,117,1490.0,1509.0
598,2018-12-01,1527.0,1527.0,1425.0,1487.0,705675816,481637,134,1499.0,1486.0
597,2018-12-02,1459.0,1521.0,1413.0,1419.0,3263775754,2300065,237,1487.0,1425.0
596,2018-12-03,1406.0,1465.0,1406.0,1428.0,1196079691,834037,184,1419.0,1463.0
595,2018-12-04,1460.0,1478.0,1420.0,1436.0,686628841,473123,100,1428.0,1451.0
594,2018-12-05,1465.0,1507.0,1460.0,1505.0,8187106302,5441260,433,1436.0,1507.0
593,2018-12-08,1580.0,1580.0,1580.0,1580.0,2229740240,1411228,68,1505.0,1580.0
592,2018-12-09,1656.0,1656.0,1581.0,1622.0,5687624247,3506672,463,1580.0,1612.0
591,2018-12-10,1609.0,1609.0,1541.0,1551.0,4000367000,2579467,178,1622.0,1560.0
590,2018-12-11,1539.0,1577.0,1522.0,1550.0,501877398,324460,96,1551.0,1567.0
589,2018-12-12,1569.0,1570.0,1503.0,1543.0,886053224,578078,114,1550.0,1530.0
588,2018-12-15,1560.0,1560.0,1510.0,1538.0,1479348832,962840,134,1543.0,1550.0
587,2018-12-16,1555.0,1555.0,1520.0,1536.0,763851973,498631,112,1538.0,1530.0
586,2018-12-17,1549.0,1570.0,1500.0,1535.0,491754208,321379,104,1536.0,1510.0
585,2018-12-18,1554.0,1554.0,1487.0,1530.0,1472602215,963916,126,1535.0,1534.0
584,2018-12-19,1530.0,1530.0,1454.0,1461.0,2417154975,1653897,207,1530.0,1454.0
583,2018-12-22,1490.0,1490.0,1388.0,1398.0,2701288995,1932258,252,1461.0,1410.0
582,2018-12-23,1449.0,1449.0,1363.0,1415.0,1265831729,889117,200,1398.0,1420.0
581,2018-12-24,1440.0,1479.0,1350.0,1376.0,4000106513,2907158,348,1415.0,1390.0
580,2018-12-25,1361.0,1415.0,1361.0,1385.0,838776991,601068,107,1376.0,1410.0
579,2018-12-26,1400.0,1419.0,1372.0,1391.0,1100889548,788631,137,1385.0,1417.0
578,2018-12-29,1423.0,1423.0,1400.0,1395.0,365117253,258254,48,1391.0,1410.0
577,2018-12-30,1410.0,1448.0,1410.0,1411.0,968077268,678100,83,1395.0,1440.0
576,2018-12-31,1443.0,1471.0,1425.0,1445.0,1483623256,1018749,133,1411.0,1470.0
575,2019-01-01,1478.0,1478.0,1380.0,1408.0,3379559043,2400727,280,1445.0,1415.0
574,2019-01-02,1438.0,1439.0,1410.0,1411.0,602434838,424507,75,1408.0,1410.0
573,2019-01-05,1424.0,1435.0,1399.0,1415.0,778619670,547867,70,1411.0,1435.0
572,2019-01-06,1445.0,1447.0,1417.0,1418.0,561440053,393701,65,1415.0,1438.0
571,2019-01-07,1437.0,1449.0,1400.0,1438.0,2096460828,1457475,155,1418.0,1440.0
570,2019-01-08,1447.0,1472.0,1434.0,1456.0,1440272637,984111,126,1438.0,1472.0
569,2019-01-09,1486.0,1489.0,1458.0,1459.0,400124633,271880,72,1456.0,1470.0
568,2019-01-12,1479.0,1498.0,1450.0,1465.0,1001178898,680461,62,1459.0,1464.0
567,2019-01-13,1490.0,1490.0,1432.0,1463.0,220117276,151775,56,1465.0,1465.0
566,2019-01-14,1431.0,1460.0,1413.0,1456.0,482952711,336513,79,1463.0,1431.0
565,2019-01-15,1431.0,1528.0,1431.0,1516.0,6293588202,4150152,404,1456.0,1528.0
564,2019-01-16,1589.0,1591.0,1551.0,1590.0,10207992518,6422098,525,1516.0,1591.0
563,2019-01-19,1625.0,1625.0,1543.0,1583.0,1868770277,1181477,258,1590.0,1588.0
562,2019-01-20,1530.0,1598.0,1510.0,1546.0,1874342364,1215571,171,1583.0,1525.0
561,2019-01-21,1473.0,1597.0,1472.0,1535.0,923992340,606909,107,1546.0,1529.0
560,2019-01-22,1529.0,1529.0,1496.0,1530.0,534470469,352992,49,1535.0,1527.0
559,2019-01-23,1496.0,1559.0,1496.0,1528.0,1103627892,723371,157,1530.0,1530.0
558,2019-01-26,1530.0,1560.0,1511.0,1528.0,1055701607,690950,80,1528.0,1526.0
557,2019-01-27,1546.0,1549.0,1505.0,1529.0,684479672,447506,103,1528.0,1549.0
556,2019-01-28,1549.0,1560.0,1506.0,1543.0,1992527933,1291061,289,1529.0,1550.0
555,2019-01-29,1561.0,1597.0,1553.0,1576.0,2342997654,1486441,259,1543.0,1590.0
554,2019-01-30,1597.0,1597.0,1536.0,1565.0,1434019987,919201,144,1576.0,1537.0
553,2019-02-02,1535.0,1600.0,1525.0,1563.0,573830427,368674,69,1565.0,1525.0
552,2019-02-03,1530.0,1590.0,1521.0,1553.0,1020482762,661942,143,1563.0,1590.0
551,2019-02-04,1560.0,1560.0,1476.0,1498.0,2051894905,1369575,214,1553.0,1515.0
550,2019-02-05,1460.0,1558.0,1460.0,1536.0,2342297417,1524705,151,1498.0,1520.0
549,2019-02-06,1554.0,1598.0,1500.0,1559.0,2497351583,1601669,161,1536.0,1530.0
548,2019-02-10,1540.0,1542.0,1520.0,1549.0,658147866,430987,60,1559.0,1520.0
547,2019-02-12,1543.0,1544.0,1510.0,1544.0,510188596,333774,84,1549.0,1516.0
546,2019-02-13,1512.0,1520.0,1480.0,1519.0,1030843079,689426,158,1544.0,1492.0
545,2019-02-16,1492.0,1501.0,1480.0,1496.0,1326874307,893995,117,1519.0,1490.0
544,2019-02-17,1500.0,1530.0,1460.0,1494.0,473188364,318551,84,1496.0,1470.0
543,2019-02-18,1456.0,1493.0,1456.0,1487.0,626322972,425763,88,1494.0,1480.0
542,2019-02-19,1500.0,1506.0,1430.0,1459.0,1935856554,1327804,163,1487.0,1477.0
541,2019-02-20,1477.0,1500.0,1440.0,1469.0,1473607574,1000658,83,1459.0,1461.0
540,2019-02-23,1451.0,1470.0,1436.0,1453.0,1716139821,1183425,135,1469.0,1458.0
539,2019-02-24,1440.0,1450.0,1422.0,1448.0,498052528,347097,100,1453.0,1442.0
538,2019-02-25,1462.0,1487.0,1442.0,1455.0,541422198,367555,77,1448.0,1467.0
537,2019-02-26,1436.0,1441.0,1420.0,1451.0,311322155,217814,60,1455.0,1441.0
536,2019-02-27,1474.0,1475.0,1435.0,1450.0,438781761,303531,65,1451.0,1453.0
535,2019-03-02,1455.0,1455.0,1378.0,1392.0,5145660053,3697607,457,1450.0,1378.0
534,2019-03-03,1383.0,1417.0,1353.0,1393.0,2246826363,1613255,209,1392.0,1417.0
533,2019-03-04,1435.0,1435.0,1400.0,1404.0,1404961074,997598,133,1393.0,1400.0
532,2019-03-05,1422.0,1422.0,1381.0,1395.0,1097820930,790877,94,1404.0,1398.0
531,2019-03-06,1385.0,1412.0,1385.0,1397.0,702516700,501229,94,1395.0,1402.0
530,2019-03-09,1385.0,1410.0,1385.0,1397.0,900172403,644334,108,1397.0,1408.0
529,2019-03-10,1420.0,1466.0,1410.0,1452.0,2290301214,1577678,265,1397.0,1466.0
528,2019-03-11,1480.0,1524.0,1479.0,1516.0,7999568608,5277673,614,1452.0,1524.0
527,2019-03-12,1540.0,1547.0,1490.0,1507.0,1980540370,1314056,182,1516.0,1520.0
526,2019-03-13,1520.0,1520.0,1468.0,1493.0,1489626798,1000920,162,1507.0,1494.0
525,2019-03-16,1467.0,1490.0,1447.0,1462.0,2210397839,1512000,168,1493.0,1469.0
524,2019-03-17,1455.0,1519.0,1453.0,1489.0,1504919702,1004643,196,1462.0,1495.0
523,2019-03-18,1500.0,1563.0,1491.0,1559.0,13417098508,8608312,681,1489.0,1563.0
522,2019-03-19,1592.0,1619.0,1542.0,1586.0,7095289967,4474217,567,1559.0,1618.0
521,2019-03-25,1610.0,1625.0,1580.0,1607.0,1841156421,1142966,229,1586.0,1613.0
520,2019-03-26,1613.0,1687.0,1555.0,1675.0,21577357964,12884706,998,1607.0,1687.0
519,2019-03-27,1710.0,1749.0,1612.0,1680.0,6264186499,3729760,479,1675.0,1669.0
518,2019-03-30,1700.0,1720.0,1631.0,1677.0,5039642520,3004561,423,1680.0,1689.0
517,2019-03-31,1700.0,1700.0,1602.0,1639.0,2191652335,1337430,249,1677.0,1654.0
516,2019-04-06,1677.0,1677.0,1635.0,1649.0,3038998321,1842386,267,1639.0,1650.0
515,2019-04-07,1688.0,1688.0,1620.0,1653.0,7730174627,4677028,529,1649.0,1640.0
514,2019-04-08,1640.0,1655.0,1621.0,1638.0,2219000387,1354963,211,1653.0,1655.0
513,2019-04-09,1655.0,1655.0,1610.0,1631.0,7195981549,4412701,405,1638.0,1618.0
512,2019-04-10,1615.0,1712.0,1613.0,1689.0,15087962238,8933937,522,1631.0,1712.0
511,2019-04-13,1773.0,1773.0,1773.0,1773.0,7594643727,4283499,314,1689.0,1773.0
510,2019-04-27,1816.0,1850.0,1726.0,1794.0,32631710506,18187861,1499,1453.0,1831.0
509,2019-04-28,1830.0,1883.0,1820.0,1879.0,21112331885,11236847,707,1794.0,1883.0
508,2019-04-29,1945.0,1972.0,1893.0,1947.0,21704117582,11144831,903,1879.0,1972.0
507,2019-04-30,2042.0,2044.0,1972.0,2024.0,19227155737,9499394,932,1947.0,2020.0
506,2019-05-01,2083.0,2083.0,1967.0,2018.0,10216484111,5063623,654,2024.0,2028.0
505,2019-05-04,2020.0,2118.0,2016.0,2097.0,12032348925,5736987,716,2018.0,2117.0
504,2019-05-05,2148.0,2180.0,2010.0,2081.0,10732204315,5157611,556,2097.0,2059.0
503,2019-05-06,2050.0,2050.0,1977.0,1978.0,31491769869,15918686,854,2081.0,1977.0
502,2019-05-07,1880.0,1970.0,1880.0,1883.0,11353501073,6028911,503,1978.0,1885.0
501,2019-05-08,1853.0,1977.0,1850.0,1962.0,12609400474,6428428,439,1883.0,1977.0
500,2019-05-11,2060.0,2060.0,1992.0,2046.0,17821700544,8710178,731,1962.0,2040.0
499,2019-05-12,2060.0,2060.0,1944.0,1993.0,7129279848,3576476,387,2046.0,2046.0
498,2019-05-13,2035.0,2092.0,1961.0,2087.0,14799769905,7090206,533,1993.0,2092.0
497,2019-05-14,2140.0,2146.0,2060.0,2094.0,5502075267,2626988,373,2087.0,2075.0
496,2019-05-15,2096.0,2096.0,2035.0,2070.0,2889932057,1406846,222,2094.0,2048.0
495,2019-05-18,2100.0,2100.0,2008.0,2046.0,5704614327,2787969,346,2070.0,2050.0
494,2019-05-19,2080.0,2080.0,2010.0,2032.0,3683729050,1816620,277,2046.0,2016.0
493,2019-05-20,2045.0,2064.0,1931.0,2004.0,2476831558,1251104,257,2032.0,1970.0
492,2019-05-21,1990.0,1999.0,1935.0,1963.0,5033525840,2564159,488,2004.0,1935.0
491,2019-05-22,1991.0,2000.0,1879.0,1940.0,7984784559,4116920,628,1963.0,1967.0
490,2019-05-25,1997.0,2000.0,1906.0,1950.0,2476507900,1264380,272,1940.0,1969.0
489,2019-05-26,1997.0,2047.0,1970.0,2037.0,7467957670,3665774,430,1950.0,2047.0
488,2019-05-28,2132.0,2132.0,2060.0,2093.0,7968153898,3807095,523,2037.0,2082.0
487,2019-05-29,2100.0,2100.0,2000.0,2031.0,4710161673,2319713,369,2093.0,2050.0
486,2019-06-01,2100.0,2132.0,2032.0,2106.0,10937282540,5193450,499,2031.0,2132.0
485,2019-06-02,2170.0,2211.0,2170.0,2209.0,21322978390,9651395,679,2106.0,2211.0
484,2019-06-03,2310.0,2319.0,2270.0,2313.0,17904661325,7740492,661,2209.0,2319.0
483,2019-06-08,2428.0,2428.0,2404.0,2428.0,11973287902,4931910,327,2313.0,2428.0
482,2019-06-09,2549.0,2549.0,2549.0,2504.0,3731598354,1463946,80,2428.0,2549.0
481,2019-06-10,2629.0,2629.0,2629.0,2629.0,11884741528,4520632,186,2504.0,2629.0
480,2019-06-11,2760.0,2760.0,2655.0,2757.0,49552631949,17975491,1345,2629.0,2760.0
479,2019-06-12,2894.0,2894.0,2894.0,2894.0,12098586944,4180576,290,2757.0,2894.0
478,2019-06-15,3038.0,3038.0,3038.0,3038.0,10105199146,3326267,132,2894.0,3038.0
477,2019-06-17,3189.0,3290.0,3030.0,3115.0,19740327808,6336895,756,3038.0,3030.0
476,2019-06-18,2960.0,2960.0,2960.0,3022.0,4098472240,1384619,197,3115.0,2960.0
475,2019-06-19,2871.0,2871.0,2871.0,2871.0,7471516239,2602409,262,3022.0,2871.0
474,2019-06-23,3000.0,3000.0,2850.0,2875.0,8316090450,2892821,300,2871.0,2850.0
473,2019-06-24,2732.0,2950.0,2732.0,2816.0,35374138703,12562430,1620,2875.0,2875.0
472,2019-06-25,2870.0,2870.0,2676.0,2689.0,26603416224,9892715,1305,2816.0,2717.0
471,2019-06-26,2689.0,2689.0,2555.0,2575.0,20376878997,7914705,1115,2689.0,2570.0
470,2019-07-08,2799.0,2937.0,2660.0,2847.0,18450810551,6479999,808,2546.0,2924.0
469,2019-07-09,2950.0,2950.0,2705.0,2760.0,23634885034,8564435,1391,2847.0,2705.0
468,2019-07-10,2630.0,2700.0,2622.0,2630.0,11551744044,4392772,583,2760.0,2622.0
467,2019-07-13,2571.0,2630.0,2499.0,2524.0,16751234537,6636306,1030,2630.0,2500.0
466,2019-07-14,2551.0,2620.0,2501.0,2562.0,9587928287,3742965,677,2524.0,2595.0
465,2019-07-15,2600.0,2620.0,2496.0,2546.0,4242512936,1670698,378,2562.0,2523.0
464,2019-07-16,2499.0,2499.0,2419.0,2442.0,4939358245,2034468,322,2546.0,2419.0
463,2019-07-17,2380.0,2561.0,2320.0,2432.0,5468856096,2249252,505,2442.0,2428.0
462,2019-07-20,2551.0,2551.0,2340.0,2433.0,6324848938,2599550,456,2432.0,2340.0
461,2019-07-21,2433.0,2433.0,2346.0,2393.0,4178611944,1755556,347,2433.0,2386.0
460,2019-07-22,2420.0,2420.0,2280.0,2336.0,6284298989,2689939,628,2393.0,2290.0
459,2019-07-23,2370.0,2370.0,2280.0,2312.0,5995055279,2592647,373,2336.0,2300.0
458,2019-07-24,2349.0,2349.0,2280.0,2320.0,4982663070,2147514,392,2312.0,2335.0
457,2019-07-27,2392.0,2400.0,2330.0,2383.0,5546249610,2327698,497,2320.0,2390.0
456,2019-07-28,2425.0,2435.0,2326.0,2373.0,3224286701,1362906,439,2383.0,2345.0
455,2019-07-29,2380.0,2390.0,2310.0,2351.0,4193064604,1788272,422,2373.0,2355.0
454,2019-07-30,2408.0,2408.0,2330.0,2350.0,2938665695,1250497,318,2351.0,2340.0
453,2019-07-31,2300.0,2467.0,2292.0,2436.0,11469106746,4707922,753,2350.0,2467.0
452,2019-08-03,2557.0,2557.0,2521.0,2557.0,13560435589,5303807,593,2436.0,2557.0
451,2019-08-04,2684.0,2684.0,2684.0,2609.0,2570756672,957808,158,2557.0,2684.0
450,2019-08-05,2739.0,2739.0,2739.0,2689.0,3915668922,1429598,148,2609.0,2739.0
449,2019-08-06,2823.0,2823.0,2823.0,2821.0,6445713555,2283285,217,2689.0,2823.0
448,2019-08-07,2962.0,2962.0,2962.0,2962.0,7416812456,2503988,231,2821.0,2962.0
447,2019-08-10,3110.0,3110.0,2814.0,2956.0,70624428970,23892842,2575,2962.0,2814.0
446,2019-08-11,2809.0,2899.0,2809.0,2816.0,33875738396,12029424,1911,2956.0,2809.0
445,2019-08-13,2845.0,2865.0,2729.0,2805.0,9387451850,3346179,756,2816.0,2839.0
444,2019-08-14,2860.0,2900.0,2825.0,2862.0,8256493972,2885031,640,2805.0,2860.0
443,2019-08-17,2889.0,2889.0,2781.0,2803.0,10752337769,3836146,720,2862.0,2798.0
442,2019-08-18,2850.0,2850.0,2690.0,2730.0,12149467842,4450645,720,2803.0,2735.0
441,2019-08-19,2790.0,2799.0,2700.0,2751.0,7083174570,2574878,590,2730.0,2781.0
440,2019-08-21,2748.0,2881.0,2748.0,2837.0,11982433153,4223326,927,2751.0,2850.0
439,2019-08-24,2850.0,2978.0,2824.0,2932.0,29392102210,10025358,1406,2837.0,2977.0
438,2019-08-25,3076.0,3076.0,2788.0,2942.0,22098460517,7511975,1156,2932.0,2998.0
437,2019-08-26,3066.0,3089.0,2937.0,3073.0,17115863296,5570097,906,2942.0,3089.0
436,2019-08-27,3226.0,3226.0,3091.0,3204.0,22225231402,6936412,910,3073.0,3125.0
435,2019-08-28,3045.0,3364.0,3044.0,3291.0,32397382770,9845241,1247,3204.0,3364.0
434,2019-08-31,3455.0,3455.0,3301.0,3438.0,34600609110,10064513,1323,3291.0,3454.0
433,2019-09-01,3549.0,3550.0,3342.0,3468.0,22803679544,6574984,1162,3438.0,3459.0
432,2019-09-02,3490.0,3490.0,3295.0,3344.0,20259247158,6058644,960,3468.0,3360.0
431,2019-09-03,3242.0,3300.0,3177.0,3204.0,34257564277,10692827,1619,3344.0,3205.0
430,2019-09-04,3289.0,3361.0,3251.0,3334.0,16573911384,4971724,867,3204.0,3349.0
429,2019-09-07,3360.0,3500.0,3360.0,3477.0,19998650393,5752034,1100,3334.0,3500.0
428,2019-09-08,3640.0,3650.0,3600.0,3649.0,9251096026,2535302,360,3477.0,3650.0
427,2019-09-11,3831.0,3831.0,3831.0,3831.0,14528692062,3792402,372,3649.0,3831.0
426,2019-09-14,4022.0,4022.0,4022.0,3898.0,3289911538,817979,116,3831.0,4022.0
425,2019-09-15,4092.0,4092.0,3817.0,4087.0,98423738179,24080223,2302,3898.0,4092.0
424,2019-09-16,4250.0,4291.0,4100.0,4264.0,52063876342,12211191,2506,4087.0,4289.0
423,2019-09-17,4300.0,4416.0,4051.0,4275.0,34507453542,8071907,1812,4264.0,4354.0
422,2019-09-18,4380.0,4399.0,4062.0,4163.0,30943240691,7432977,1387,4275.0,4161.0
421,2019-09-21,4230.0,4371.0,4100.0,4336.0,17138864355,3952930,602,4163.0,4371.0
420,2019-09-22,4552.0,4552.0,4552.0,4491.0,7594470312,1668381,265,4336.0,4552.0
419,2019-09-23,4715.0,4715.0,4715.0,4715.0,19378371815,4109941,245,4491.0,4715.0
418,2019-09-24,4950.0,4950.0,4900.0,4949.0,78917016172,15945830,1801,4715.0,4950.0
417,2019-09-25,5196.0,5196.0,5196.0,5196.0,13821219708,2659973,258,4949.0,5196.0
416,2019-09-30,5455.0,5727.0,5455.0,5431.0,6009683300,1051532,141,5196.0,5727.0
415,2019-10-01,5702.0,5702.0,5702.0,5702.0,66057658596,11584998,448,5431.0,5702.0
414,2019-10-02,5987.0,5987.0,5987.0,5877.0,8510304968,1421464,138,5702.0,5987.0
413,2019-10-05,6170.0,6170.0,6170.0,6170.0,134589122240,21813472,1124,5877.0,6170.0
412,2019-10-06,6478.0,6478.0,6180.0,6458.0,321784260465,49827540,6254,6170.0,6475.0
411,2019-10-07,6623.0,6623.0,6136.0,6283.0,87575093699,13939132,2660,6458.0,6136.0
410,2019-10-08,5969.0,5969.0,5969.0,6083.0,6478131824,1085296,311,6283.0,5969.0
409,2019-10-09,5779.0,5779.0,5779.0,5779.0,19675842206,3404714,480,6083.0,5779.0
408,2019-10-12,5635.0,6067.0,5491.0,5806.0,128461956269,22124107,4272,5779.0,5625.0
407,2019-10-13,5799.0,5799.0,5516.0,5574.0,26976176481,4839625,1214,5806.0,5516.0
406,2019-10-14,5296.0,5296.0,5296.0,5376.0,6533076752,1233587,295,5574.0,5296.0
405,2019-10-15,5108.0,5108.0,5108.0,5211.0,5439626684,1064923,162,5376.0,5108.0
404,2019-10-16,4951.0,4951.0,4951.0,4991.0,7247917430,1463930,289,5211.0,4951.0
403,2019-10-20,4742.0,4742.0,4742.0,4826.0,6311431288,1330964,199,4991.0,4742.0
402,2019-10-23,4585.0,4585.0,4356.0,4381.0,18201728133,4154287,847,4826.0,4356.0
401,2019-10-26,4162.0,4162.0,4162.0,4162.0,12614922112,3030976,387,4381.0,4162.0
400,2019-10-28,3954.0,4370.0,3954.0,4173.0,79257545020,18991539,2647,4162.0,4370.0
399,2019-10-30,4381.0,4381.0,4381.0,4293.0,5756489427,1313967,130,4173.0,4381.0
398,2019-11-02,4507.0,4507.0,4300.0,4501.0,130495328587,28991486,2879,4293.0,4507.0
397,2019-11-03,4560.0,4726.0,4520.0,4695.0,99906025108,21277651,2301,4501.0,4726.0
396,2019-11-04,4900.0,4929.0,4702.0,4899.0,94382692702,19264932,3685,4695.0,4929.0
395,2019-11-05,4900.0,5090.0,4655.0,4883.0,56042581814,11476985,2810,4899.0,4900.0
394,2019-11-09,4960.0,5080.0,4639.0,4820.0,47666636938,9890242,2598,4883.0,4683.0
393,2019-11-10,4580.0,4800.0,4579.0,4599.0,14091231061,3064034,750,4820.0,4579.0
392,2019-11-11,4370.0,4768.0,4370.0,4530.0,56077196728,12379837,2196,4599.0,4639.0
391,2019-11-12,4740.0,4756.0,4550.0,4662.0,34353489422,7368932,1394,4530.0,4720.0
390,2019-11-13,4800.0,4800.0,4599.0,4647.0,15656390305,3369419,1104,4662.0,4640.0
389,2019-11-16,4870.0,4870.0,4420.0,4616.0,22790308839,4936928,1122,4647.0,4455.0
388,2019-11-17,4386.0,4455.0,4386.0,4413.0,8340854257,1901522,400,4616.0,4386.0
387,2019-11-18,4193.0,4550.0,4193.0,4323.0,28306017409,6547914,1253,4413.0,4300.0
386,2019-11-19,4240.0,4490.0,4240.0,4406.0,20161411389,4576282,999,4323.0,4442.0
385,2019-11-20,4580.0,4580.0,4421.0,4479.0,13330856599,2976551,938,4406.0,4479.0
384,2019-11-23,4549.0,4549.0,4256.0,4350.0,33777922072,7764877,1817,4479.0,4263.0
383,2019-11-24,4260.0,4410.0,4180.0,4259.0,37835072401,8884311,1896,4350.0,4369.0
382,2019-11-25,4280.0,4471.0,4280.0,4445.0,9337735725,2095088,340,4259.0,4471.0
381,2019-11-26,4667.0,4667.0,4667.0,4667.0,13247246831,2838493,408,4445.0,4667.0
380,2019-11-27,4876.0,4900.0,4600.0,4842.0,64535173555,13327010,2588,4667.0,4900.0
379,2019-11-30,5084.0,5084.0,4920.0,5073.0,41784524690,8236462,1184,4842.0,5084.0
378,2019-12-01,5326.0,5326.0,5326.0,5326.0,40157512726,7539901,901,5073.0,5326.0
377,2019-12-02,5592.0,5592.0,5155.0,5485.0,203474491709,37096570,6760,5326.0,5356.0
376,2019-12-03,5301.0,5754.0,5253.0,5559.0,112266306139,20194881,4117,5485.0,5631.0
375,2019-12-04,5700.0,5836.0,5660.0,5814.0,99431950730,17103097,2863,5559.0,5836.0
374,2019-12-07,6049.0,6104.0,5833.0,6035.0,101283323858,16782941,4286,5814.0,5897.0
373,2019-12-08,5802.0,6066.0,5734.0,5837.0,109533496468,18766178,4861,6035.0,5755.0
372,2019-12-09,5830.0,6128.0,5750.0,6006.0,98607786948,16418134,3580,5837.0,6128.0
371,2019-12-10,6200.0,6290.0,5859.0,6096.0,65739418647,10784605,3177,6006.0,5874.0
370,2019-12-11,5882.0,6122.0,5850.0,5982.0,46532021484,7778512,2057,6096.0,5956.0
369,2019-12-14,5958.0,5990.0,5750.0,5867.0,53485638780,9116709,2592,5982.0,5850.0
368,2019-12-15,5863.0,6055.0,5732.0,5931.0,50429876588,8502838,2224,5867.0,5940.0
367,2019-12-16,6000.0,6088.0,5850.0,5976.0,53689799517,8984377,2101,5931.0,5950.0
366,2019-12-17,6010.0,6010.0,5850.0,5942.0,28356781873,4772256,1434,5976.0,5897.0
365,2019-12-18,6090.0,6300.0,5902.0,6107.0,62018669767,10155466,2503,5942.0,6100.0
364,2019-12-21,6140.0,6199.0,5899.0,6011.0,43293011459,7201884,1950,6107.0,5979.0
363,2019-12-22,5990.0,5990.0,5804.0,5858.0,36315267026,6198888,2226,6011.0,5833.0
362,2019-12-23,5815.0,5990.0,5566.0,5679.0,55167775355,9715038,2669,5858.0,5566.0
361,2019-12-24,5491.0,5780.0,5466.0,5558.0,41542697739,7473746,2139,5679.0,5500.0
360,2019-12-25,5600.0,5680.0,5392.0,5486.0,33659227951,6135489,1859,5558.0,5550.0
359,2019-12-28,5650.0,5760.0,5500.0,5705.0,29513690351,5173279,1192,5486.0,5760.0
358,2019-12-29,5990.0,5990.0,5720.0,5897.0,61902195813,10497078,2496,5705.0,5870.0
357,2019-12-30,5969.0,5969.0,5701.0,5827.0,51710158055,8873848,2297,5897.0,5809.0
356,2019-12-31,5848.0,5848.0,5536.0,5626.0,55013854207,9778844,2613,5827.0,5670.0
355,2020-01-01,5670.0,5820.0,5511.0,5634.0,45376778085,8053960,2000,5626.0,5559.0
354,2020-01-04,5353.0,5353.0,5353.0,5353.0,18666055531,3487027,346,5634.0,5353.0
353,2020-01-05,5086.0,5300.0,5086.0,5093.0,71202988968,13980008,2023,5353.0,5086.0
352,2020-01-07,5093.0,5100.0,4839.0,4905.0,28025342066,5713210,1080,5093.0,4839.0
351,2020-01-08,4807.0,4807.0,4807.0,4807.0,10794277131,2245533,287,4905.0,4807.0
350,2020-01-11,4903.0,4903.0,4903.0,4830.0,2419027431,493377,80,4807.0,4903.0
349,2020-01-12,5071.0,5071.0,5071.0,5071.0,14915185241,2941271,197,4830.0,5071.0
348,2020-01-13,5324.0,5324.0,5324.0,5324.0,17474885340,3282285,343,5071.0,5324.0
347,2020-01-14,5590.0,5590.0,5400.0,5575.0,60613458679,10871582,1848,5324.0,5590.0
346,2020-01-15,5620.0,5777.0,5420.0,5650.0,35456228752,6275849,1732,5575.0,5680.0
345,2020-01-18,5837.0,5932.0,5681.0,5844.0,42182484133,7218337,1766,5650.0,5760.0
344,2020-01-19,5800.0,5898.0,5577.0,5701.0,46526248453,8160999,2148,5844.0,5620.0
343,2020-01-20,5700.0,5700.0,5536.0,5595.0,40613996966,7259556,1907,5701.0,5575.0
342,2020-01-21,5690.0,5874.0,5482.0,5828.0,84092951221,14430324,2089,5595.0,5874.0
341,2020-01-22,6110.0,6119.0,5881.0,6085.0,115267090444,18942577,3492,5828.0,6119.0
340,2020-01-25,6389.0,6389.0,6389.0,6389.0,59295772324,9280916,1187,6085.0,6389.0
339,2020-01-26,6708.0,6708.0,6400.0,6670.0,203983587090,30583291,4899,6389.0,6708.0
338,2020-01-27,6890.0,7003.0,6708.0,6977.0,99914664205,14320968,2252,6670.0,7003.0
337,2020-01-28,7322.0,7322.0,6633.0,6898.0,152880488106,22162148,5652,6977.0,6810.0
336,2020-02-01,6900.0,6900.0,6554.0,6624.0,90693293193,13692227,3956,6898.0,6554.0
335,2020-02-02,6500.0,6955.0,6330.0,6831.0,136226961646,19941776,3997,6624.0,6955.0
334,2020-02-03,7172.0,7172.0,6841.0,7029.0,74993172261,10669769,3470,6831.0,6930.0
333,2020-02-04,7030.0,7030.0,6678.0,6724.0,89691993335,13339839,3250,7029.0,6678.0
332,2020-02-05,6502.0,6900.0,6501.0,6654.0,55718608841,8373577,2512,6724.0,6720.0
331,2020-02-08,6754.0,6920.0,6400.0,6669.0,71314141485,10694148,2632,6654.0,6589.0
330,2020-02-09,6550.0,6654.0,6336.0,6470.0,62457635220,9653848,2752,6669.0,6432.0
329,2020-02-10,6489.0,6599.0,6147.0,6251.0,59394243066,9501840,2657,6470.0,6239.0
328,2020-02-12,6200.0,6563.0,6200.0,6515.0,45669403825,7009983,1932,6251.0,6563.0
327,2020-02-15,6800.0,6800.0,6350.0,6575.0,52225935450,7942880,2441,6515.0,6563.0
326,2020-02-16,6750.0,6750.0,6380.0,6492.0,57329736481,8830349,2703,6575.0,6433.0
325,2020-02-17,6500.0,6500.0,6205.0,6294.0,62959365757,10003395,2812,6492.0,6288.0
324,2020-02-18,6280.0,6380.0,6045.0,6161.0,58850426660,9552741,2792,6294.0,6279.0
323,2020-02-19,6375.0,6469.0,6262.0,6457.0,110994212719,17189771,2132,6161.0,6469.0
322,2020-02-22,6779.0,6779.0,6460.0,6743.0,83893921078,12440913,1744,6457.0,6779.0
321,2020-02-23,7080.0,7080.0,7080.0,7080.0,55219645800,7799385,1094,6743.0,7080.0
320,2020-02-24,7434.0,7434.0,6726.0,7402.0,230323300648,31114367,4037,7080.0,7434.0
319,2020-02-25,7772.0,7772.0,7772.0,7772.0,36410832956,4684873,743,7402.0,7772.0
318,2020-02-26,8160.0,8160.0,7810.0,8104.0,324599031646,40056627,8836,7772.0,8000.0
317,2020-02-29,8090.0,8509.0,7699.0,8190.0,266214920738,32505466,5670,8104.0,8509.0
316,2020-03-01,8599.0,8599.0,8599.0,8599.0,150147302381,17461019,2142,8190.0,8599.0
315,2020-03-02,9028.0,9028.0,9023.0,9028.0,225014541667,24924220,3021,8599.0,9028.0
314,2020-03-03,9479.0,9479.0,9479.0,9459.0,55929190154,5900326,618,9028.0,9479.0
313,2020-03-07,9479.0,9952.0,9006.0,9561.0,225097046689,23542740,6560,9459.0,9250.0
312,2020-03-09,9083.0,9083.0,9083.0,9083.0,49731741165,5475255,1968,9561.0,9083.0
311,2020-03-10,8629.0,9100.0,8629.0,8721.0,245266808046,28124726,6336,9083.0,8629.0
310,2020-03-11,9109.0,9157.0,8946.0,9113.0,233553546051,25627284,6269,8721.0,9157.0
309,2020-03-14,9564.0,9564.0,8658.0,8963.0,80628976116,8995512,3049,9113.0,8658.0
308,2020-03-15,8515.0,8870.0,8515.0,8530.0,123110111580,14432491,3406,8963.0,8515.0
307,2020-03-16,8401.0,8956.0,8401.0,8878.0,137201566000,15454203,4644,8530.0,8837.0
306,2020-03-17,9084.0,9084.0,8435.0,8569.0,112821729123,13166052,4194,8878.0,8622.0
305,2020-03-18,8748.0,8955.0,8600.0,8840.0,105235397479,11904846,4038,8569.0,8900.0
304,2020-03-24,9200.0,9282.0,9000.0,9233.0,81979651487,8879315,1809,8840.0,9282.0
303,2020-03-25,9694.0,9694.0,9694.0,9574.0,40578337562,4185923,943,9233.0,9694.0
302,2020-03-28,10052.0,10052.0,10052.0,10052.0,77394720620,7699435,1562,9574.0,10052.0
301,2020-03-29,10554.0,10554.0,10084.0,10500.0,286704774222,27305469,7060,10052.0,10554.0
300,2020-03-30,10500.0,11000.0,10000.0,10594.0,234526265491,22137785,8203,10500.0,10910.0
299,2020-04-04,11123.0,11123.0,10978.0,11116.0,134140213752,12067257,3132,10594.0,11123.0
298,2020-04-05,11671.0,11671.0,10670.0,11242.0,298677261804,26567959,9594,11116.0,11110.0
297,2020-04-06,10763.0,10977.0,10680.0,10713.0,157091797805,14663433,4851,11242.0,10950.0
296,2020-04-07,11000.0,11248.0,10886.0,11193.0,191287380750,17090309,5226,10713.0,11248.0
295,2020-04-08,11193.0,11600.0,10650.0,11070.0,172090470277,15546250,6208,11193.0,10841.0
294,2020-04-11,10600.0,11000.0,10517.0,10575.0,179103563812,16936827,6247,11070.0,10517.0
293,2020-04-12,10572.0,11000.0,10100.0,10845.0,136335799853,12571060,4243,10575.0,10750.0
292,2020-04-13,10760.0,10850.0,10303.0,10436.0,140248540025,13439304,4588,10845.0,10350.0
291,2020-04-14,9915.0,10299.0,9915.0,9966.0,144051834158,14454699,5506,10436.0,9915.0
290,2020-04-15,9706.0,10464.0,9706.0,10310.0,94832595658,9198467,3571,9966.0,10464.0
289,2020-04-18,10825.0,10825.0,10825.0,10600.0,29597227875,2734155,794,10310.0,10825.0
288,2020-04-19,11130.0,11130.0,10601.0,10989.0,225527403286,20523082,5255,10600.0,10640.0
287,2020-04-20,10989.0,11390.0,10850.0,11092.0,167496598537,15100571,5006,10989.0,10995.0
286,2020-04-21,11289.0,11289.0,10640.0,10786.0,186450274722,17286667,5579,11092.0,10685.0
285,2020-04-22,10950.0,11325.0,10300.0,11095.0,283807786494,25579139,7020,10786.0,11325.0
284,2020-04-25,11649.0,11649.0,11649.0,11649.0,164698582719,14138431,2550,11095.0,11649.0
283,2020-04-26,12231.0,12231.0,11200.0,11918.0,332210908620,27874478,7740,11649.0,12049.0
282,2020-04-27,12190.0,12260.0,11610.0,12024.0,220122311393,18307568,5772,11918.0,12014.0
281,2020-04-28,12140.0,12140.0,11555.0,11758.0,275685932935,23446986,7418,12024.0,11660.0
280,2020-04-29,11985.0,12345.0,11600.0,12182.0,318679612411,26158045,7992,11758.0,12345.0
279,2020-05-02,12792.0,12792.0,12792.0,12792.0,126210106152,9866331,2543,12183.0,12792.0
278,2020-05-03,13431.0,13431.0,13431.0,13431.0,114370229952,8515392,2080,12792.0,13431.0
277,2020-05-04,13900.0,14100.0,12760.0,13541.0,383300213022,28306658,9137,13431.0,13681.0
276,2020-05-05,14175.0,14175.0,12864.0,13157.0,206376008156,15685733,5286,13541.0,12864.0
275,2020-05-06,12500.0,12900.0,12500.0,12626.0,209713711239,16610140,5523,13157.0,12545.0
274,2020-05-09,13000.0,13257.0,13000.0,13238.0,276892165295,20917058,4988,12626.0,13257.0
273,2020-05-10,13899.0,13899.0,12600.0,13747.0,350585659731,25502950,6979,13238.0,13870.0
272,2020-05-11,13990.0,13990.0,13060.0,13223.0,193660122417,14645677,3891,13747.0,13060.0
271,2020-05-12,12562.0,12562.0,12562.0,12789.0,32670759682,2600761,896,13223.0,12562.0
270,2020-05-13,12150.0,12570.0,12150.0,12219.0,371031299537,30365738,7129,12789.0,12150.0
269,2020-05-16,11700.0,12599.0,11609.0,11813.0,117082134946,9910883,2183,12219.0,11609.0
268,2020-05-17,11223.0,12200.0,11223.0,11819.0,401339896902,33958413,7818,11813.0,12180.0
267,2020-05-18,12409.0,12409.0,12050.0,12394.0,240838131120,19431358,3542,11819.0,12409.0
266,2020-05-19,13013.0,13013.0,13013.0,13013.0,110623838325,8501025,2116,12394.0,13013.0
265,2020-05-20,13663.0,13663.0,13013.0,13478.0,596401479744,44250036,10984,13013.0,13630.0
264,2020-05-23,12999.0,13000.0,12805.0,12864.0,72636185383,5646439,1551,13478.0,12805.0
263,2020-05-26,12221.0,12805.0,12221.0,12612.0,17760950394,1453314,465,12847.0,12221.0
262,2020-05-27,11982.0,11982.0,11982.0,11982.0,61498130226,5132543,1570,12612.0,11982.0
261,2020-05-30,12170.0,12581.0,12170.0,12457.0,322187720180,25863332,3892,11982.0,12581.0
260,2020-05-31,12998.0,12998.0,11835.0,12128.0,332963909400,27454964,6268,12457.0,11990.0
259,2020-06-01,11860.0,12552.0,11698.0,12136.0,190444117828,15692950,4363,12128.0,12177.0
258,2020-06-02,12000.0,12425.0,11850.0,12184.0,324027637916,26593561,6715,12136.0,12210.0
257,2020-06-06,12550.0,12793.0,12400.0,12715.0,166005807696,13055542,3008,12184.0,12793.0
256,2020-06-07,13350.0,13350.0,13350.0,13350.0,55635524250,4167455,1156,12715.0,13350.0
255,2020-06-08,12683.0,14017.0,12683.0,13161.0,308071537407,23407558,6262,13350.0,12769.0
254,2020-06-09,12800.0,13250.0,12503.0,12657.0,211314079196,16695012,4766,13161.0,12550.0
253,2020-06-10,12665.0,13100.0,12500.0,12770.0,332726819537,26056343,6531,12657.0,12899.0
252,2020-06-13,13400.0,13400.0,13400.0,13400.0,66492247200,4962108,1589,12770.0,13400.0
251,2020-06-14,14070.0,14070.0,14070.0,14070.0,115996189470,8244221,1442,13400.0,14070.0
250,2020-06-15,14770.0,14770.0,14770.0,14770.0,58951176060,3991278,770,14070.0,14770.0
249,2020-06-16,15500.0,15500.0,15500.0,15250.0,39781184000,2566528,655,14770.0,15500.0
248,2020-06-20,16010.0,16010.0,16010.0,16010.0,76832822520,4799052,889,15250.0,16010.0
247,2020-06-21,16810.0,16810.0,16810.0,16810.0,219178563420,13038582,1061,16010.0,16810.0
246,2020-06-22,17650.0,17650.0,17650.0,17650.0,175294946250,9931725,964,16810.0,17650.0
245,2020-06-23,18530.0,18530.0,18530.0,18530.0,156725980270,8457959,471,17650.0,18530.0
244,2020-06-28,17610.0,19450.0,17610.0,18990.0,1657783837150,87275995,9423,18530.0,18700.0
243,2020-06-29,18250.0,19930.0,18250.0,19800.0,4072787647290,205725490,16757,18990.0,19930.0
242,2020-06-30,20790.0,20790.0,20790.0,20790.0,4519142050500,217370950,14030,19800.0,20790.0
241,2020-07-01,21820.0,21820.0,21820.0,21820.0,74798021740,3427957,983,20790.0,21820.0
240,2020-07-04,22910.0,22910.0,20730.0,22530.0,5292173321360,234926465,30333,21820.0,22910.0
239,2020-07-05,23000.0,23650.0,22530.0,23150.0,1440579743620,62230590,14897,22530.0,23650.0
238,2020-07-06,24300.0,24300.0,24300.0,24300.0,1214271729000,49970030,5711,23150.0,24300.0
237,2020-07-07,25510.0,25510.0,23090.0,25460.0,4030181538030,158289233,30034,24300.0,25510.0
236,2020-07-12,27510.0,28490.0,26140.0,26650.0,1712175587990,64258116,18703,25160.0,26140.0
235,2020-07-13,25320.0,26470.0,25320.0,25440.0,2875783111550,113058853,29515,26650.0,25320.0
234,2020-07-14,25010.0,26710.0,25000.0,26220.0,4467945934670,170378441,54070,25440.0,25930.0
233,2020-07-15,25500.0,26690.0,24910.0,25270.0,2637527899200,104373556,40312,26220.0,24910.0
232,2020-07-18,26530.0,26530.0,26000.0,26530.0,2327315883170,87740300,14904,25270.0,26530.0
231,2020-07-19,27850.0,27850.0,27850.0,27850.0,1891826688250,67929145,7589,26530.0,27850.0
230,2020-07-20,29240.0,29240.0,29240.0,29240.0,2044115417120,69908188,15440,27850.0,29240.0
229,2020-07-21,30680.0,30700.0,27780.0,30560.0,5004404317070,163766983,53950,29240.0,30700.0
228,2020-07-22,32080.0,32080.0,32080.0,32080.0,709265606160,22109277,11073,30560.0,32080.0
227,2020-07-25,33680.0,33680.0,33680.0,33680.0,90310326640,2681423,1133,32080.0,33680.0
226,2020-07-26,35360.0,35360.0,35350.0,35330.0,80628755630,2280225,786,33680.0,35360.0
225,2020-07-27,37090.0,37090.0,37090.0,37090.0,110137345580,2969462,1568,35330.0,37090.0
224,2020-07-28,38940.0,38940.0,38940.0,38940.0,96055322880,2466752,1301,37090.0,38940.0
223,2020-07-29,40880.0,40880.0,40880.0,40880.0,511101341520,12502479,1088,38940.0,40880.0
222,2020-08-03,42920.0,42920.0,42920.0,42920.0,1155230685520,26915906,5510,40880.0,42920.0
221,2020-08-04,45060.0,45060.0,43000.0,44610.0,6141826156480,137685339,59043,42920.0,43500.0
220,2020-08-05,42380.0,42380.0,42380.0,42380.0,1648005928660,38886407,37455,44610.0,42380.0
219,2020-08-09,40270.0,40270.0,40270.0,40270.0,1180167801790,29306377,25231,42380.0,40270.0
218,2020-08-10,38260.0,38260.0,38260.0,38260.0,605683538500,15830725,13884,40270.0,38260.0
217,2020-08-11,36350.0,36350.0,36350.0,36350.0,162887294350,4481081,4276,38260.0,36350.0
216,2020-08-12,37100.0,38160.0,34540.0,35780.0,3564710106450,99627926,36488,36350.0,34540.0
215,2020-08-15,35750.0,36780.0,34000.0,34910.0,1252935840010,35894870,15091,35780.0,34000.0
214,2020-08-16,33170.0,33170.0,33170.0,33170.0,126156223910,3803323,3586,34910.0,33170.0
213,2020-08-17,31520.0,32430.0,31520.0,31570.0,2711500350380,85882303,26066,33170.0,31520.0
212,2020-08-18,32560.0,33140.0,30000.0,31560.0,3738195165600,118451182,51744,31570.0,30000.0
211,2020-08-19,29990.0,29990.0,29990.0,29990.0,76383690280,2546972,2763,31560.0,29990.0
210,2020-08-22,29100.0,31480.0,28500.0,29120.0,526072981290,18063513,7865,29990.0,28500.0
209,2020-08-23,27670.0,27670.0,27670.0,28380.0,32977272020,1191806,1210,29120.0,27670.0
208,2020-08-24,26970.0,26970.0,26970.0,26970.0,99538772340,3690722,1191,28380.0,26970.0
207,2020-08-25,25630.0,26870.0,25630.0,25880.0,3909017191790,151037060,47956,26970.0,25950.0
206,2020-08-26,26800.0,27170.0,26010.0,27020.0,841656234840,31151505,10734,25880.0,27170.0
205,2020-08-31,28370.0,28370.0,25670.0,26650.0,1577222211380,59184664,20970,27020.0,25670.0
204,2020-09-01,25320.0,25320.0,25320.0,26110.0,23864327880,942509,1075,26650.0,25320.0
203,2020-09-02,24810.0,24810.0,24810.0,25730.0,16791730530,676813,726,26110.0,24810.0
202,2020-09-05,24450.0,24810.0,24450.0,24460.0,674508357520,27580645,5862,25730.0,24450.0
201,2020-09-06,23240.0,23820.0,23240.0,23260.0,752736226020,32355380,6761,24460.0,23240.0
200,2020-09-07,22100.0,22100.0,22100.0,23020.0,10758081100,486791,420,23260.0,22100.0
199,2020-09-08,21870.0,21870.0,21870.0,22920.0,4221784800,193040,259,23020.0,21870.0
198,2020-09-09,21780.0,21780.0,21780.0,21780.0,560361720600,25728270,3321,22920.0,21780.0
197,2020-09-12,22130.0,22500.0,20700.0,21080.0,706773255170,33527060,9875,21780.0,20700.0
196,2020-09-13,20030.0,20030.0,20030.0,20690.0,17249635700,861190,757,21080.0,20030.0
195,2020-09-14,19660.0,19660.0,19660.0,19660.0,250524018140,12742829,2590,20690.0,19660.0
194,2020-09-15,19800.0,20640.0,18900.0,20160.0,2439384569850,121009035,39113,19660.0,20630.0
193,2020-09-16,20980.0,20990.0,19160.0,19710.0,1173628473120,59535332,21873,20160.0,19160.0
192,2020-09-19,19440.0,19590.0,18730.0,18830.0,1283472821150,68153557,22158,19710.0,18730.0
191,2020-09-20,18200.0,18500.0,17890.0,18030.0,227988534640,12647872,4305,18830.0,17890.0
190,2020-09-21,17130.0,17130.0,17130.0,17620.0,19626063690,1145713,770,18030.0,17130.0
189,2020-09-22,16740.0,16740.0,16740.0,16740.0,490666725900,29311035,5016,17620.0,16740.0
188,2020-09-23,16740.0,17350.0,15910.0,16290.0,1204152380380,73928716,23959,16740.0,15910.0
187,2020-09-26,16290.0,16960.0,15480.0,15950.0,404831692500,25382927,8784,16290.0,15480.0
186,2020-09-27,15160.0,15160.0,15160.0,15730.0,12673168760,835961,551,15950.0,15160.0
185,2020-09-28,14950.0,14950.0,14950.0,15590.0,8055912150,538857,298,15730.0,14950.0
184,2020-09-29,14820.0,14820.0,14820.0,14970.0,36411910080,2456944,610,15590.0,14820.0
183,2020-09-30,14230.0,14230.0,14230.0,14460.0,30164270180,2119766,1007,14970.0,14230.0
182,2020-10-03,13740.0,15180.0,13740.0,14570.0,819641552470,56266618,14749,14460.0,15180.0
181,2020-10-04,15290.0,15290.0,14000.0,15210.0,1311064268290,86177966,15022,14570.0,15170.0
180,2020-10-05,14700.0,15970.0,14700.0,15700.0,412567591910,26272726,5737,15210.0,15970.0
179,2020-10-06,16480.0,16480.0,16480.0,16080.0,27570726880,1672981,753,15700.0,16480.0
178,2020-10-07,16880.0,16880.0,16880.0,16830.0,54723558960,3241917,887,16080.0,16880.0
177,2020-10-10,17670.0,17670.0,17670.0,17310.0,29720162520,1681956,889,16830.0,17670.0
176,2020-10-11,18170.0,18170.0,18170.0,18170.0,333760587240,18368772,1553,17310.0,18170.0
175,2020-10-12,18180.0,19070.0,17500.0,18740.0,1771052785970,94530480,24785,18170.0,19070.0
174,2020-10-13,19080.0,19670.0,18060.0,19400.0,1263986613580,65166544,21185,18740.0,19670.0
173,2020-10-14,18870.0,18880.0,18430.0,18530.0,183517371480,9906274,4311,19400.0,18430.0
172,2020-10-18,17610.0,17610.0,17610.0,17610.0,49515639510,2811791,791,18530.0,17610.0
171,2020-10-19,16730.0,16730.0,16730.0,17130.0,24647656530,1473261,413,17610.0,16730.0
170,2020-10-20,16280.0,16280.0,16280.0,16280.0,50879574680,3125281,571,17130.0,16280.0
169,2020-10-21,15500.0,16700.0,15470.0,15590.0,254444219080,16320524,4374,16280.0,15470.0
168,2020-10-24,14820.0,14820.0,14820.0,14840.0,46078507020,3109211,593,15590.0,14820.0
167,2020-10-26,14100.0,14100.0,14100.0,14490.0,21350107200,1514192,492,14840.0,14100.0
166,2020-10-27,13770.0,13770.0,13770.0,13830.0,40238638920,2922196,522,14490.0,13770.0
165,2020-10-28,13140.0,13740.0,13140.0,13230.0,814928187260,61619294,14051,13830.0,13650.0
164,2020-10-31,13580.0,13890.0,13300.0,13760.0,643462524610,46748459,11153,13230.0,13890.0
163,2020-11-01,13890.0,13890.0,13080.0,13210.0,153498490770,11616395,2788,13760.0,13080.0
162,2020-11-02,12550.0,12820.0,12550.0,12560.0,239403216950,19063847,3607,13210.0,12550.0
161,2020-11-04,12150.0,12950.0,11940.0,12170.0,371029085790,30482021,9112,12560.0,12220.0
160,2020-11-07,11750.0,12250.0,11570.0,11660.0,100867985340,8651178,2069,12170.0,11570.0
159,2020-11-08,11080.0,12240.0,11080.0,11590.0,496965964430,42863807,5484,11660.0,12240.0
158,2020-11-09,12160.0,12160.0,11600.0,12140.0,842912290600,69423911,8422,11590.0,12160.0
157,2020-11-10,12740.0,12740.0,12740.0,12740.0,112006895000,8791750,1322,12140.0,12740.0
156,2020-11-11,13370.0,13370.0,13370.0,13370.0,85963725260,6429598,1021,12740.0,13370.0
155,2020-11-14,14030.0,14030.0,14030.0,13800.0,34510755490,2459783,652,13370.0,14030.0
154,2020-11-15,14490.0,14490.0,13300.0,14020.0,1488664334540,106213481,20102,13800.0,13350.0
153,2020-11-16,13320.0,14000.0,13320.0,13490.0,1034121735090,76666739,17924,14020.0,13320.0
152,2020-11-17,14000.0,14160.0,13530.0,14090.0,900302016180,63901092,12493,13490.0,14160.0
151,2020-11-18,14790.0,14790.0,14790.0,14790.0,83506617660,5646154,935,14090.0,14790.0
150,2020-11-21,15520.0,15520.0,14300.0,15240.0,1092928230740,71693359,14270,14790.0,14980.0
149,2020-11-22,15190.0,15800.0,14480.0,15070.0,1059919840840,70353868,15135,15240.0,15150.0
148,2020-11-23,15300.0,15820.0,14720.0,15740.0,616747854960,39177465,8363,15070.0,15820.0
147,2020-11-24,16520.0,16520.0,15910.0,16440.0,979529223170,59598587,13122,15740.0,16520.0
146,2020-11-25,16520.0,17260.0,16450.0,17130.0,694446285960,40535821,11265,16440.0,17260.0
145,2020-11-28,17300.0,17970.0,17300.0,17580.0,69193344260,3935543,793,17130.0,17950.0
144,2020-11-29,18450.0,18450.0,18450.0,18450.0,313735349700,17004626,2871,17580.0,18450.0
143,2020-11-30,18700.0,18800.0,17530.0,18100.0,2517988217900,139137545,42973,18450.0,17720.0
142,2020-12-01,17700.0,18640.0,17210.0,18180.0,1573333978660,86543452,23503,18100.0,18000.0
141,2020-12-02,17800.0,18650.0,17460.0,17950.0,837282045820,46643153,15498,18180.0,17580.0
140,2020-12-05,18180.0,18840.0,17950.0,18710.0,620248486360,33152854,5691,17950.0,18840.0
139,2020-12-06,19640.0,19640.0,19640.0,19640.0,286013038480,14562782,1845,18710.0,19640.0
138,2020-12-07,20620.0,20620.0,19660.0,20520.0,2741151779280,133573583,26652,19640.0,20620.0
137,2020-12-08,21530.0,21540.0,20850.0,21530.0,2474113691080,114913214,20717,20520.0,21540.0
136,2020-12-09,22600.0,22600.0,21530.0,22320.0,2727422570800,122221297,39645,21530.0,22600.0
135,2020-12-12,23350.0,23350.0,21210.0,21790.0,2200943778480,100996014,42806,22320.0,21210.0
134,2020-12-13,20810.0,22870.0,20810.0,22550.0,2765328487270,122638191,27315,21790.0,22870.0
133,2020-12-15,22500.0,23650.0,22210.0,22490.0,482466290350,21451082,5618,23370.0,22210.0
132,2020-12-16,21370.0,23390.0,21370.0,22290.0,2479940086720,111264232,30680,22490.0,22890.0
131,2020-12-19,23400.0,23400.0,23120.0,23400.0,780958090300,33375484,6297,22290.0,23400.0
130,2020-12-20,24570.0,24570.0,23900.0,24520.0,2050427284110,83624882,20418,23400.0,24570.0
129,2020-12-21,25740.0,25740.0,25740.0,25740.0,258717373200,10051180,2672,24520.0,25740.0
128,2020-12-22,27020.0,27020.0,27020.0,27020.0,558176376940,20657897,3247,25740.0,27020.0
127,2020-12-27,28370.0,28370.0,26160.0,27860.0,5996183054700,215254282,69248,27020.0,26600.0
126,2020-12-28,26470.0,26470.0,26470.0,26470.0,385828678780,14576074,6105,27860.0,26470.0
125,2020-12-29,25150.0,27790.0,25150.0,26230.0,5482680545660,208990225,42927,26470.0,27790.0
124,2020-12-30,27540.0,27540.0,27540.0,27540.0,971511505200,35276380,5128,26230.0,27540.0
123,2021-01-02,27540.0,28910.0,26170.0,28260.0,7100255915750,251253269,82822,27540.0,28700.0
122,2021-01-03,28500.0,29400.0,26850.0,27760.0,5223388145060,188173401,76196,28260.0,26910.0
121,2021-01-04,27100.0,28380.0,26380.0,26560.0,3480391972010,131055822,45351,27760.0,26380.0
120,2021-01-05,26050.0,27780.0,25600.0,26670.0,3234688647760,121264123,48229,26560.0,26000.0
119,2021-01-06,25790.0,26480.0,25340.0,25430.0,599396140580,23570636,7911,26670.0,25340.0
118,2021-01-09,25910.0,26390.0,24160.0,24720.0,2112557833100,85466802,25944,25430.0,24160.0
117,2021-01-10,24200.0,25170.0,23490.0,23980.0,3233848697280,134880906,43451,24720.0,23600.0
116,2021-01-11,23900.0,24170.0,22790.0,23000.0,1437440161180,62502810,17865,23980.0,22790.0
115,2021-01-12,21850.0,21850.0,21850.0,21850.0,155018910950,7094687,1768,23000.0,21850.0
114,2021-01-13,20770.0,21500.0,20760.0,20830.0,2953484784040,141787960,27554,21850.0,20760.0
113,2021-01-16,21000.0,21200.0,19790.0,20530.0,1182015412160,57584770,11545,20830.0,19790.0
112,2021-01-18,19510.0,19510.0,19510.0,19510.0,179036051300,9176630,1122,20530.0,19510.0
111,2021-01-19,18540.0,19490.0,18540.0,18720.0,2507479501130,133928118,31853,19510.0,18800.0
110,2021-01-20,18940.0,19650.0,18720.0,19520.0,637040454970,32635009,6723,18720.0,19650.0
109,2021-01-23,20490.0,20490.0,20490.0,20490.0,207488993460,10126354,1740,19520.0,20490.0
108,2021-01-24,21510.0,21510.0,19470.0,20490.0,2599547026930,126849239,33132,20490.0,19500.0
107,2021-01-25,19520.0,20900.0,19470.0,19890.0,1469933894170,73904888,20571,20490.0,19470.0
106,2021-01-26,19230.0,19800.0,18900.0,18970.0,613890055100,32364143,7929,19890.0,18900.0
105,2021-01-27,18030.0,18800.0,18030.0,18110.0,1153419583650,63688055,14150,18970.0,18030.0
104,2021-01-30,18220.0,19010.0,18150.0,18900.0,1135647696060,60079425,13518,18110.0,19010.0
103,2021-01-31,19840.0,19840.0,18900.0,19640.0,1641516178420,83592610,23106,18900.0,19840.0
102,2021-02-01,20000.0,20620.0,19640.0,20470.0,606821827820,29648144,8390,19640.0,20620.0
101,2021-02-02,21490.0,21490.0,21490.0,21490.0,105340563090,4901841,1984,20470.0,21490.0
100,2021-02-03,22560.0,22560.0,20600.0,21900.0,3368892543720,153814430,37756,21490.0,22060.0
99,2021-02-06,22000.0,22100.0,20810.0,21110.0,1116507854150,52895611,11783,21900.0,20810.0
98,2021-02-07,21220.0,22160.0,21220.0,21950.0,430478691670,19611390,5166,21110.0,22160.0
97,2021-02-08,23040.0,23040.0,22000.0,22810.0,1809782739590,79334852,23633,21950.0,23040.0
96,2021-02-09,23040.0,23950.0,22810.0,23740.0,636091979770,26791141,8571,22810.0,23950.0
95,2021-02-13,25160.0,25160.0,24700.0,25150.0,1756956403290,69853740,18033,23740.0,25160.0
94,2021-02-14,25600.0,25600.0,24650.0,24800.0,850102252620,34284103,10369,25150.0,24650.0
93,2021-02-15,24810.0,26280.0,24800.0,25910.0,2857241123460,110255338,29803,24800.0,26280.0
92,2021-02-16,27100.0,27460.0,26030.0,27160.0,3414630881090,125728572,36994,25910.0,27460.0
91,2021-02-17,28500.0,28780.0,27880.0,28520.0,829593388630,29087041,5879,27160.0,28770.0
90,2021-02-22,27950.0,27950.0,27950.0,27950.0,318650850700,11400746,1965,28520.0,27950.0
89,2021-02-23,27400.0,27400.0,27400.0,27400.0,175898848400,6419666,1688,27950.0,27400.0
88,2021-02-24,26860.0,26860.0,26860.0,26860.0,78207241320,2911662,885,27400.0,26860.0
87,2021-02-27,26330.0,26330.0,26330.0,26600.0,30046295190,1141143,385,26860.0,26330.0
86,2021-02-28,26070.0,26070.0,26070.0,26540.0,6580198350,252405,235,26600.0,26070.0
85,2021-03-01,26010.0,26010.0,26010.0,26010.0,84011857830,3229983,631,26540.0,26010.0
84,2021-03-02,26010.0,27570.0,26010.0,27220.0,2974186241540,109253372,31754,26010.0,27570.0
83,2021-03-03,28700.0,28850.0,27340.0,28270.0,2518553273990,89095746,36181,27220.0,28850.0
82,2021-03-06,29000.0,29960.0,28920.0,29790.0,870544238740,29221623,9243,28270.0,29960.0
81,2021-03-07,31570.0,31570.0,29660.0,30980.0,6162544155980,198893540,73738,29790.0,30000.0
80,2021-03-08,30370.0,30370.0,30370.0,30370.0,148723347760,4897048,2371,30980.0,30370.0
79,2021-03-09,29770.0,32190.0,29770.0,31650.0,6557825333210,207168457,65714,30370.0,31750.0
78,2021-03-10,31790.0,33390.0,31020.0,32490.0,3464490302350,106624749,50725,31650.0,33110.0
77,2021-03-13,33480.0,34430.0,32850.0,34270.0,4137680800990,120720822,44691,32490.0,34430.0
76,2021-03-14,35170.0,35980.0,33590.0,34170.0,1479725736260,43304225,20401,34270.0,33590.0
75,2021-03-15,34050.0,36100.0,33800.0,34900.0,5095302654920,146015633,63674,34170.0,34400.0
74,2021-03-16,35500.0,36170.0,34210.0,34560.0,3401132671930,98415477,44775,34900.0,34210.0
73,2021-03-17,34100.0,34700.0,33870.0,33970.0,1608989133770,47365424,22127,34560.0,33870.0
72,2021-03-27,33900.0,33950.0,33300.0,33420.0,436178301910,13051203,4595,33970.0,33300.0
71,2021-03-28,32760.0,32760.0,32760.0,32760.0,98461261080,3005533,1469,33420.0,32760.0
70,2021-03-30,32110.0,32110.0,32110.0,32110.0,98033146510,3053041,1256,32760.0,32110.0
69,2021-03-31,31470.0,34030.0,31470.0,33420.0,5510089770730,164857480,47984,32110.0,34030.0
68,2021-04-03,34400.0,34800.0,32760.0,33240.0,3458160292380,104051185,35684,33420.0,33420.0
67,2021-04-04,32950.0,33800.0,32580.0,33030.0,1699445134980,51450921,23568,33240.0,32660.0
66,2021-04-05,32580.0,33090.0,32370.0,32450.0,900162365160,27739650,10578,33030.0,32370.0
65,2021-04-06,32000.0,33290.0,31810.0,32300.0,1543118965310,47780743,20142,32450.0,31810.0
64,2021-04-07,32100.0,32270.0,31660.0,31840.0,336446640440,10566797,3349,32300.0,31660.0
63,2021-04-10,31210.0,31210.0,31210.0,31210.0,174126988050,5579205,865,31840.0,31210.0
62,2021-04-11,30590.0,30590.0,30590.0,30950.0,29548196370,965943,549,31210.0,30590.0
61,2021-04-12,30340.0,32350.0,30340.0,30990.0,3012253783900,97197089,31363,30950.0,31590.0
60,2021-04-13,32300.0,32840.0,31700.0,32630.0,1022000988710,31317963,11836,30990.0,32840.0
59,2021-04-14,33900.0,34450.0,32290.0,33400.0,2587784857620,77474157,33220,32630.0,32850.0
58,2021-04-17,32740.0,32900.0,32740.0,32740.0,251497701500,7681156,2380,33400.0,32740.0
57,2021-04-18,32090.0,32090.0,32090.0,32560.0,20601972540,642006,411,32740.0,32090.0
56,2021-04-19,31910.0,31910.0,31910.0,31910.0,341497118440,10701884,2540,32560.0,31910.0
55,2021-04-20,31950.0,33750.0,31280.0,32260.0,2318520191760,71861002,25388,31910.0,31610.0
54,2021-04-21,31600.0,32150.0,31300.0,31440.0,415656986150,13220510,5878,32260.0,31300.0
53,2021-04-24,30800.0,31270.0,30500.0,30610.0,758881898550,24795294,7272,31440.0,30500.0
52,2021-04-25,30100.0,31980.0,29700.0,30620.0,1960823946180,64046118,23166,30610.0,30450.0
51,2021-04-26,31090.0,32150.0,30620.0,31440.0,1081632360570,34405059,16430,30620.0,31980.0
50,2021-04-27,32490.0,33300.0,32170.0,32800.0,1119799922060,34138499,17116,31440.0,32630.0
49,2021-04-28,33000.0,33270.0,31820.0,32240.0,1227827294000,38089844,17163,32800.0,31820.0
48,2021-05-01,31290.0,31900.0,31280.0,31320.0,387636532270,12377589,5001,32240.0,31280.0
47,2021-05-02,30390.0,30600.0,30390.0,30390.0,259337471920,8533566,2939,31320.0,30390.0
46,2021-05-03,29480.0,29480.0,29480.0,29710.0,51209442680,1737091,946,30390.0,29480.0
45,2021-05-05,28820.0,29450.0,28820.0,28850.0,1277159670630,44264594,12630,29710.0,28820.0
44,2021-05-08,27990.0,28600.0,27990.0,28020.0,434078600570,15492394,2443,28850.0,27990.0
43,2021-05-09,27180.0,27180.0,27180.0,27850.0,13067410140,480773,316,28020.0,27180.0
42,2021-05-10,27020.0,27670.0,27020.0,27090.0,1371777909620,50645615,12226,27850.0,27050.0
41,2021-05-11,27500.0,28710.0,27140.0,28220.0,1261764334760,44704900,14131,27090.0,28710.0
40,2021-05-12,29300.0,29910.0,27380.0,28450.0,1873597100060,65866412,26959,28220.0,27380.0
39,2021-05-15,27050.0,28700.0,27030.0,27380.0,1155812265080,42216179,15079,28450.0,27030.0
38,2021-05-16,26640.0,28000.0,26150.0,27150.0,1327310459190,48887338,17690,27380.0,26600.0
37,2021-05-17,27050.0,27380.0,25800.0,26130.0,599206422120,22931320,7749,27150.0,25800.0
36,2021-05-18,25300.0,26890.0,24830.0,25480.0,1806877475380,70912877,19817,26130.0,25390.0
35,2021-05-19,26100.0,26630.0,25110.0,26130.0,1571043588820,60126139,19318,25480.0,26610.0
34,2021-05-22,26760.0,26800.0,24830.0,25190.0,1169286627300,46418596,12485,26130.0,24830.0
33,2021-05-23,25000.0,25000.0,23940.0,24170.0,462893977380,19155164,4826,25190.0,23940.0
32,2021-05-24,22970.0,23500.0,22970.0,22990.0,727504047250,31638723,7179,24170.0,22970.0
31,2021-05-25,22500.0,24050.0,22200.0,23240.0,1131732881040,48695529,16412,22990.0,23090.0
30,2021-05-26,23520.0,23690.0,22920.0,23220.0,599389286990,25811646,12191,23240.0,23290.0
29,2021-05-29,23400.0,24380.0,23400.0,24230.0,391708227280,16165613,4540,23220.0,24380.0
28,2021-05-30,25440.0,25440.0,24450.0,25270.0,1396091699280,55249924,15584,24230.0,25440.0
27,2021-05-31,25880.0,26530.0,24700.0,26190.0,1307054138650,49908123,15572,25270.0,26530.0
26,2021-06-01,27390.0,27490.0,26710.0,27380.0,326263278110,11918146,3987,26190.0,27490.0
25,2021-06-02,28740.0,28740.0,28740.0,28740.0,159738213300,5558045,1643,27380.0,28740.0
24,2021-06-07,30170.0,30170.0,30170.0,30170.0,134464582490,4456897,1854,28740.0,30170.0
23,2021-06-08,31670.0,31670.0,31670.0,31670.0,197578552220,6238666,2762,30170.0,31670.0
22,2021-06-09,31600.0,32980.0,30220.0,31630.0,2804976682390,88688971,41650,31670.0,31060.0
21,2021-06-20,33650.0,34880.0,32500.0,33870.0,2035077735410,60088281,23494,31320.0,34760.0
20,2021-06-21,35380.0,35560.0,34770.0,35460.0,892698518350,25176587,7756,33870.0,35560.0
19,2021-06-22,37000.0,37230.0,36050.0,37020.0,828751176830,22389366,7285,35460.0,37230.0
18,2021-06-23,38870.0,38870.0,38870.0,38870.0,246761763820,6348386,3162,37020.0,38870.0
17,2021-06-26,40810.0,40810.0,40810.0,40810.0,197873243260,4848646,2123,38870.0,40810.0
16,2021-06-27,42850.0,42850.0,39520.0,41590.0,7537123647860,181207478,87577,40810.0,39690.0
15,2021-06-28,39520.0,40300.0,39520.0,39560.0,1041231300800,26318244,9349,41590.0,39520.0
14,2021-06-29,37590.0,41530.0,37590.0,39620.0,5588545336680,141036476,41018,39560.0,41530.0
13,2021-06-30,41600.0,41600.0,40500.0,41500.0,4499581348640,108420879,41649,39620.0,41600.0
12,2021-07-03,41600.0,42850.0,39430.0,40450.0,3946770919870,97569429,48685,41500.0,39430.0
11,2021-07-04,39110.0,41990.0,39100.0,41060.0,2408423366850,58657637,28444,40450.0,41500.0
10,2021-07-05,41600.0,42400.0,39800.0,40650.0,1859965004140,45750807,25933,41060.0,40070.0
9,2021-07-06,40070.0,41300.0,38680.0,39540.0,2099061250340,53089146,32640,40650.0,38950.0
8,2021-07-07,38790.0,40800.0,37800.0,39400.0,2028988050960,51497521,26607,39540.0,39660.0
7,2021-07-10,40350.0,41120.0,39600.0,40380.0,1682413085460,41663946,23178,39400.0,41080.0
6,2021-07-11,41370.0,41800.0,40500.0,41090.0,1279273185350,31129712,19131,40380.0,40900.0
5,2021-07-12,41090.0,41100.0,39040.0,39510.0,1993767451570,50459003,29857,41090.0,39040.0
4,2021-07-13,38170.0,40200.0,37950.0,38790.0,1688259912220,43523347,22231,39510.0,38590.0
3,2021-07-14,38830.0,39550.0,37710.0,38670.0,1268206459860,32793373,20027,38790.0,38980.0
2,2021-07-17,39150.0,39740.0,37590.0,38640.0,1410721930400,36507967,19595,38670.0,38000.0
1,2021-07-18,38690.0,40570.0,37800.0,40170.0,2534524603450,63100287,23455,38640.0,40570.0
0,2021-07-19,41180.0,41590.0,39900.0,40620.0,1728745966130,42555859,23920,40170.0,40400.0
